"price","date_stamp1","date_stamp2","journal_id","article_influence","journal_name","category"
0,"2012-01-01","2012-12-31","0001-527X",0.38337,"ACTA BIOCHIMICA POLONICA","MOLECULAR AND CELL BIOLOGY"
0,"2012-01-01","2012-12-31","0386-300X",0.216432,"ACTA MEDICA OKAYAMA","MOLECULAR AND CELL BIOLOGY"
0,"2012-01-01","2012-12-31","0065-1400",0.478168,"ACTA NEUROBIOLOGIAE EXPERIMENTALIS","NEUROSCIENCE"
0,"2012-01-01","2012-12-31","1217-8837",0.172445,"ACTA ZOOLOGICA ACADEMIAE SCIENTIARUM HUNGARICAE","ECOLOGY AND EVOLUTION"
0,"2012-01-01","2012-12-31","1280-8571",0.126273,"ADANSONIA","ECOLOGY AND EVOLUTION"
1200,"2012-01-01","2012-12-31","1945-4589",1.4493,"Aging","MOLECULAR AND CELL BIOLOGY"
0,"2012-01-01","2012-12-31","1405-3195",0.0834732,"AGROCIENCIA","PLANT BIOLOGY"
1625,"2012-01-01","2012-12-31","1742-6405",1.16802,"AIDS Research and Therapy","INFECTIOUS DISEASES"
1350,"2012-01-01","2012-12-31","2158-3226",0.589764,"AIP Advances","PHYSICS AND CHEMISTRY"
0,"2012-01-01","2012-12-31","1535-7414",0.475062,"Alcohol Research & Health","PSYCHIATRY"
1625,"2012-01-01","2012-12-31","1748-7188",0.798743,"Algorithms for Molecular Biology","MOLECULAR AND CELL BIOLOGY"
1845,"2012-01-01","2012-12-31","1758-9193",1.6366,"Alzheimers Research & Therapy","NEUROSCIENCE"
0,"2012-01-01","2012-12-31","1239-629X",0.803662,"ANNALES ACADEMIAE SCIENTIARUM FENNICAE-MATHEMATICA","MATHEMATICS"
0,"2012-01-01","2012-12-31","0304-4602",0.410722,"ANNALS ACADEMY OF MEDICINE SINGAPORE","MEDICINE"
1625,"2012-01-01","2012-12-31","1476-0711",1.12958,"Annals of Clinical Microbiology and Antimicrobials","INFECTIOUS DISEASES"
2190,"2012-01-01","2012-12-31","1744-859X",1.23892,"Annals of General Psychiatry","PSYCHIATRY"
0,"2012-01-01","2012-12-31","0972-2327",0.172539,"ANNALS OF INDIAN ACADEMY OF NEUROLOGY","NEUROSCIENCE"
0,"2012-01-01","2012-12-31","0256-4947",0.256549,"ANNALS OF SAUDI MEDICINE","MEDICINE"
0,"2012-01-01","2012-12-31","1817-1737",0.340393,"ANNALS OF THORACIC MEDICINE","MEDICINE"
0,"2012-01-01","2012-12-31","1452-8630",0.401287,"APPLICABLE ANALYSIS AND DISCRETE MATHEMATICS","MATHEMATICS"
0,"2012-01-01","2012-12-31","0373-2029",0.201832,"ARCHIVES OF MECHANICS","STRUCTURAL ENGINEERING"
0,"2012-01-01","2012-12-31","1733-3490",0.0599398,"ARCHIVES OF METALLURGY AND MATERIALS","PHYSICS AND CHEMISTRY"
50,"2012-01-01","2012-12-31","1513-7368",0.185283,"Asian Pacific Journal of Cancer Prevention","ONCOLOGY"
0,"2012-01-01","2012-12-31","1735-8787",0.326089,"Banach Journal of Mathematical Analysis","MATHEMATICS"
0,"2012-01-01","2012-12-31","1028-2092",0.108231,"Bangladesh Journal of Plant Taxonomy","ECOLOGY AND EVOLUTION"
1680,"2012-01-01","2012-12-31","1744-9081",0.894012,"Behavioral and Brain Functions","NEUROSCIENCE"
0,"2012-01-01","2012-12-31","1860-5397",0.627591,"Beilstein Journal of Organic Chemistry","PHYSICS AND CHEMISTRY"
0,"2012-01-01","2012-12-31","1330-0962",0.137197,"Biochemia Medica","MEDICINE"
136,"2012-01-01","2012-12-31","1342-4815",0.228762,"Biocontrol Science","FOOD SCIENCE"
800,"2012-01-01","2012-12-31","1559-4106",0.980369,"Biointerphases","PHYSICS AND CHEMISTRY"
1900,"2012-01-01","2012-12-31","1480-9222",0.518307,"BIOLOGICAL PROCEDURES ONLINE","MOLECULAR AND CELL BIOLOGY"
1900,"2012-01-01","2012-12-31","1745-6150",1.35469,"Biology Direct","MOLECULAR AND CELL BIOLOGY"
1625,"2012-01-01","2012-12-31","1475-925X",0.460838,"Biomedical Engineering Online","SPORTS MEDICINE"
871,"2012-01-01","2012-12-31","2156-7085",0.957838,"Biomedical Optics Express","PHYSICS AND CHEMISTRY"
0,"2012-01-01","2012-12-31","0970-938X",0.0443731,"Biomedical Research","MEDICINE"
1500,"2012-01-01","2012-12-31","1932-1058",0.875475,"Biomicrofluidics","PHYSICS AND CHEMISTRY"
0,"2012-01-01","2012-12-31","1930-2126",0.34242,"BioResources","WOOD PRODUCTS"
0,"2012-01-01","2012-12-31","1723-2007",0.478175,"BLOOD TRANSFUSION","MEDICINE"
1845,"2012-01-01","2012-12-31","1471-2253",0.666018,"BMC Anesthesiology","MEDICINE"
1845,"2012-01-01","2012-12-31","1471-2091",1.21746,"BMC Biochemistry","MOLECULAR AND CELL BIOLOGY"
1845,"2012-01-01","2012-12-31","1471-2105",1.38457,"BMC BIOINFORMATICS","MOLECULAR AND CELL BIOLOGY"
2190,"2012-01-01","2012-12-31","1741-7007",2.5763,"BMC BIOLOGY","MOLECULAR AND CELL BIOLOGY"
1845,"2012-01-01","2012-12-31","2046-1682",0.795594,"BMC Biophysics","MOLECULAR AND CELL BIOLOGY"
1845,"2012-01-01","2012-12-31","1472-6750",0.849261,"BMC BIOTECHNOLOGY","MOLECULAR AND CELL BIOLOGY"
1845,"2012-01-01","2012-12-31","1471-2407",1.06874,"BMC CANCER","ONCOLOGY"
1845,"2012-01-01","2012-12-31","1471-2261",0.7204,"BMC CARDIOVASCULAR DISORDERS","MEDICINE"
1845,"2012-01-01","2012-12-31","1471-2121",1.12033,"BMC CELL BIOLOGY","MOLECULAR AND CELL BIOLOGY"
1845,"2012-01-01","2012-12-31","1472-6882",0.533945,"BMC COMPLEMENTARY AND ALTERNATIVE MEDICINE","FOOD SCIENCE"
1845,"2012-01-01","2012-12-31","1471-213X",1.19415,"BMC DEVELOPMENTAL BIOLOGY","MOLECULAR AND CELL BIOLOGY"
1845,"2012-01-01","2012-12-31","1472-6823",1.25039,"BMC Endocrine Disorders","MEDICINE"
1845,"2012-01-01","2012-12-31","1471-2148",1.66665,"BMC EVOLUTIONARY BIOLOGY","ECOLOGY AND EVOLUTION"
1845,"2012-01-01","2012-12-31","1471-2296",0.563879,"BMC Family Practice","MEDICINE"
1845,"2012-01-01","2012-12-31","1471-230X",0.75159,"BMC GASTROENTEROLOGY","GASTROENTEROLOGY"
1845,"2012-01-01","2012-12-31","1471-2156",0.854377,"BMC GENETICS","MOLECULAR AND CELL BIOLOGY"
1845,"2012-01-01","2012-12-31","1471-2164",1.45875,"BMC GENOMICS","MOLECULAR AND CELL BIOLOGY"
1845,"2012-01-01","2012-12-31","1471-2318",1.44366,"BMC Geriatrics","MEDICINE"
1845,"2012-01-01","2012-12-31","1472-6963",0.750586,"BMC HEALTH SERVICES RESEARCH","MEDICINE"
1845,"2012-01-01","2012-12-31","1471-2172",0.890059,"BMC IMMUNOLOGY","MOLECULAR AND CELL BIOLOGY"
1845,"2012-01-01","2012-12-31","1471-2334",1.01909,"BMC INFECTIOUS DISEASES","INFECTIOUS DISEASES"
1845,"2012-01-01","2012-12-31","1472-698X",0.605687,"BMC International Health and Human Rights","MEDICINE"
1845,"2012-01-01","2012-12-31","1472-6920",0.572067,"BMC MEDICAL EDUCATION","MEDICINE"
1845,"2012-01-01","2012-12-31","1472-6939",1.08191,"BMC Medical Ethics","MEDICINE"
1845,"2012-01-01","2012-12-31","1471-2350",0.833951,"BMC Medical Genetics","MOLECULAR AND CELL BIOLOGY"
1845,"2012-01-01","2012-12-31","1755-8794",1.37044,"BMC Medical Genomics","MOLECULAR AND CELL BIOLOGY"
1845,"2012-01-01","2012-12-31","1472-6947",0.777689,"BMC Medical Informatics and Decision Making","MEDICINE"
1845,"2012-01-01","2012-12-31","1471-2288",1.28577,"BMC Medical Research Methodology","MEDICINE"
2190,"2012-01-01","2012-12-31","1741-7015",2.23703,"BMC Medicine","MEDICINE"
1845,"2012-01-01","2012-12-31","1471-2180",1.08836,"BMC MICROBIOLOGY","MOLECULAR AND CELL BIOLOGY"
1845,"2012-01-01","2012-12-31","1471-2199",1.10043,"BMC MOLECULAR BIOLOGY","MOLECULAR AND CELL BIOLOGY"
1845,"2012-01-01","2012-12-31","1471-2474",0.751509,"BMC MUSCULOSKELETAL DISORDERS","ORTHOPEDICS"
1845,"2012-01-01","2012-12-31","1471-2369",0.792917,"BMC NEPHROLOGY","NEPHROLOGY"
1845,"2012-01-01","2012-12-31","1471-2377",0.8767,"BMC Neurology","NEUROSCIENCE"
1845,"2012-01-01","2012-12-31","1471-2202",1.11778,"BMC NEUROSCIENCE","NEUROSCIENCE"
1845,"2012-01-01","2012-12-31","1471-2415",0.789193,"BMC OPHTHALMOLOGY","OPHTHALMOLOGY"
1845,"2012-01-01","2012-12-31","1472-6831",1.48329,"BMC Oral Health","DENTISTRY"
1845,"2012-01-01","2012-12-31","1471-2431",0.893826,"BMC PEDIATRICS","MEDICINE"
1845,"2012-01-01","2012-12-31","1471-2229",1.35126,"BMC PLANT BIOLOGY","PLANT BIOLOGY"
1845,"2012-01-01","2012-12-31","1471-2393",1.29193,"BMC Pregnancy and Childbirth","MEDICINE"
1845,"2012-01-01","2012-12-31","1471-244X",0.883843,"BMC Psychiatry","PSYCHIATRY"
1845,"2012-01-01","2012-12-31","1471-2458",0.84337,"BMC PUBLIC HEALTH","MEDICINE"
1845,"2012-01-01","2012-12-31","1471-2466",1.58464,"BMC Pulmonary Medicine","MEDICINE"
1845,"2012-01-01","2012-12-31","1471-2482",0.894405,"BMC Surgery","GASTROENTEROLOGY"
1845,"2012-01-01","2012-12-31","1752-0509",1.18866,"BMC Systems Biology","MOLECULAR AND CELL BIOLOGY"
1845,"2012-01-01","2012-12-31","1471-2490",1.26215,"BMC Urology","UROLOGY"
1845,"2012-01-01","2012-12-31","1746-6148",0.659357,"BMC VETERINARY RESEARCH","VETERINARY"
1845,"2012-01-01","2012-12-31","1472-6874",1.24793,"BMC Womens Health","MEDICINE"
1860,"2012-01-01","2012-12-31","2044-6055",0.558088,"BMJ Open","MEDICINE"
0,"2012-01-01","2012-12-31","0103-9733",0.205533,"BRAZILIAN JOURNAL OF PHYSICS","PHYSICS AND CHEMISTRY"
1845,"2012-01-01","2012-12-31","1465-5411",2.21006,"Breast Cancer Research","ONCOLOGY"
0,"2012-01-01","2012-12-31","0023-9356",0.17988,"BUFFALO LAW REVIEW","LAW"
0,"2012-01-01","2012-12-31","0003-0090",1.59788,"BULLETIN OF THE AMERICAN MUSEUM OF NATURAL HISTORY","ECOLOGY AND EVOLUTION"
0,"2012-01-01","2012-12-31","0239-7528",0.182219,"Bulletin of the Polish Academy of Sciences-Technical Sciences","ROBOTICS"
0,"2012-01-01","2012-12-31","0042-9686",2.38905,"BULLETIN OF THE WORLD HEALTH ORGANIZATION","MEDICINE"
1780,"2012-01-01","2012-12-31","1475-2867",0.639065,"Cancer Cell International","MOLECULAR AND CELL BIOLOGY"
1835,"2012-01-01","2012-12-31","1475-2840",0.767758,"Cardiovascular Diabetology","MEDICINE"
1625,"2012-01-01","2012-12-31","1476-7120",0.624317,"CARDIOVASCULAR ULTRASOUND","MEDICINE"
1625,"2012-01-01","2012-12-31","2045-3701",0.869961,"Cell & Bioscience","MOLECULAR AND CELL BIOLOGY"
1740,"2012-01-01","2012-12-31","1478-811X",2.07071,"Cell Communication and Signaling","MOLECULAR AND CELL BIOLOGY"
3000,"2012-01-01","2012-12-31","2041-4889",1.62869,"Cell Death & Disease","MOLECULAR AND CELL BIOLOGY"
1780,"2012-01-01","2012-12-31","1747-1028",1.65022,"CELL DIVISION","MOLECULAR AND CELL BIOLOGY"
210,"2012-01-01","2012-12-31","1584-8663",0.193923,"Chalcogenide Letters","PHYSICS AND CHEMISTRY"
810,"2012-01-01","2012-12-31","1752-153X",0.456708,"Chemistry Central Journal","FOOD SCIENCE"
0,"2012-01-01","2012-12-31","1109-4028",0.283552,"Chemistry Education Research and Practice","EDUCATION"
0,"2012-01-01","2012-12-31","0185-3880",0.317133,"CIENCIAS MARINAS","ECOLOGY AND EVOLUTION"
0,"2012-01-01","2012-12-31","0147-958X",0.412849,"Clinical and investigative medicine","MEDICINE"
0,"2012-01-01","2012-12-31","1607-324X",0.22155,"Condensed Matter Physics","PHYSICS AND CHEMISTRY"
0,"2012-01-01","2012-12-31","1405-1435",0.0322179,"Convergencia","POLITICAL SCIENCE"
0,"2012-01-01","2012-12-31","1911-6470",0.479242,"CUAJ-Canadian Urological Association Journal","UROLOGY"
1350,"2012-01-01","2012-12-31","1467-3037",1.24017,"CURRENT ISSUES IN MOLECULAR BIOLOGY","MOLECULAR AND CELL BIOLOGY"
0,"2012-01-01","2012-12-31","1212-1819",0.212504,"CZECH JOURNAL OF ANIMAL SCIENCE","VETERINARY"
0,"2012-01-01","2012-12-31","1212-1800",0.203014,"CZECH JOURNAL OF FOOD SCIENCES","FOOD SCIENCE"
1600,"2012-01-01","2012-12-31","1758-0463",1.79403,"Database: The Journal of Biological Databases and Curation","MOLECULAR AND CELL BIOLOGY"
0,"2012-01-01","2012-12-31","1435-9871",0.818405,"Demographic Research","SOCIOLOGY"
0,"2012-01-01","2012-12-31","1641-1307",0.17475,"Dendrobiology","ECOLOGY AND EVOLUTION"
1625,"2012-01-01","2012-12-31","1758-5996",0.458871,"Diabetology & Metabolic Syndrome","MEDICINE"
0,"2012-01-01","2012-12-31","1305-3825",0.312544,"Diagnostic and Interventional Radiology","RADIOLOGY"
1625,"2012-01-01","2012-12-31","1746-1596",0.385873,"Diagnostic Pathology","ONCOLOGY"
0,"2012-01-01","2012-12-31","1431-0643",1.2405,"Documenta Mathematica","MATHEMATICS"
0,"2012-01-01","2012-12-31","1618-7229",0.120252,"E-POLYMERS","PHYSICS AND CHEMISTRY"
1850,"2012-01-01","2012-12-31","2045-7758",0.418043,"Ecology and Evolution","ECOLOGY AND EVOLUTION"
0,"2012-01-01","2012-12-31","0046-1121",0.280588,"ECOLOGY LAW QUARTERLY","LAW"
0,"2012-01-01","2012-12-31","1933-527X",0.514094,"Econ Journal Watch","ECONOMICS"
0,"2012-01-01","2012-12-31","1864-6042",0.672509,"ECONOMICS-THE OPEN ACCESS OPEN-ASSESSMENT E-JOURNAL ","ECONOMICS"
0,"2012-01-01","2012-12-31","1436-4522",0.363615,"EDUCATIONAL TECHNOLOGY & SOCIETY","EDUCATION"
0,"2012-01-01","2012-12-31","1083-589X",0.782158,"ELECTRONIC COMMUNICATIONS IN PROBABILITY","MATHEMATICS"
0,"2012-01-01","2012-12-31","1077-8926",0.679089,"ELECTRONIC JOURNAL OF COMBINATORICS","COMPUTER SCIENCE"
0,"2012-01-01","2012-12-31","1081-3810",0.511836,"Electronic Journal of Linear Algebra","MATHEMATICS"
0,"2012-01-01","2012-12-31","1083-6489",1.10034,"ELECTRONIC JOURNAL OF PROBABILITY","MATHEMATICS"
0,"2012-01-01","2012-12-31","1417-3875",0.267704,"Electronic Journal of Qualitative Theory of Differential Equations","MATHEMATICS"
0,"2012-01-01","2012-12-31","1068-9613",0.677339,"ELECTRONIC TRANSACTIONS ON NUMERICAL ANALYSIS","MATHEMATICS"
0,"2012-01-01","2012-12-31","1080-6040",2.15413,"EMERGING INFECTIOUS DISEASES","INFECTIOUS DISEASES"
0,"2012-01-01","2012-12-31","1175-8708",0.12739,"English Teaching-Practice and Critique","EDUCATION"
1070,"2012-01-01","2012-12-31","1099-4300",0.446229,"ENTROPY","PHYSICS AND CHEMISTRY"
1700,"2012-01-01","2012-12-31","1476-069X",1.09644,"Environmental Health","ENVIRONMENTAL HEALTH"
0,"2012-01-01","2012-12-31","0091-6765",2.38982,"ENVIRONMENTAL HEALTH PERSPECTIVES","ENVIRONMENTAL HEALTH"
2190,"2012-01-01","2012-12-31","1756-8935",2.23241,"EPIGENETICS & CHROMATIN","MOLECULAR AND CELL BIOLOGY"
0,"2012-01-01","2012-12-31","1473-2262",1.70883,"EUROPEAN CELLS & MATERIALS","ORTHOPEDICS"
0,"2012-01-01","2012-12-31","1027-5193",0.361365,"European Integration Online Papers-EIOP","POLITICAL SCIENCE"
0,"2012-01-01","2012-12-31","0213-6163",0.131606,"European Journal of Psychiatry","PSYCHIATRY"
1970,"2012-01-01","2012-12-31","2041-9139",1.96784,"EvoDevo","MOLECULAR AND CELL BIOLOGY"
1980,"2012-01-01","2012-12-31","1176-9343",0.805201,"Evolutionary Bioinformatics","MOLECULAR AND CELL BIOLOGY"
0,"2012-01-01","2012-12-31","1474-7049",0.841681,"EVOLUTIONARY PSYCHOLOGY","PSYCHOLOGY"
0,"2012-01-01","2012-12-31","1341-1357",0.351647,"EXPERIMENTAL ANIMALS","MOLECULAR AND CELL BIOLOGY"
0,"2012-01-01","2012-12-31","1788-618X",0.551624,"Express Polymer Letters","PHYSICS AND CHEMISTRY"
0,"2012-01-01","2012-12-31","0742-3225",0.483119,"FAMILY MEDICINE","MEDICINE"
0,"2012-01-01","2012-12-31","1230-3666",0.139633,"FIBRES & TEXTILES IN EASTERN EUROPE","PHYSICS AND CHEMISTRY"
0,"2012-01-01","2012-12-31","0354-5180",0.224931,"FILOMAT","MATHEMATICS"
0,"2012-01-01","2012-12-31","0015-1920",0.116397,"FINANCE A UVER-CZECH JOURNAL OF ECONOMICS AND FINANCE","ECONOMICS"
0,"2012-01-01","2012-12-31","0090-0656",0.491796,"FISHERY BULLETIN","ECOLOGY AND EVOLUTION"
0,"2012-01-01","2012-12-31","1330-9862",0.30345,"FOOD TECHNOLOGY AND BIOTECHNOLOGY","FOOD SCIENCE"
0,"2012-01-01","2012-12-31","0015-704X",0.34729,"FORDHAM LAW REVIEW","LAW"
2086,"2012-01-01","2012-12-31","1662-5102",2.04458,"FRONTIERS IN CELLULAR NEUROSCIENCE","NEUROSCIENCE"
2086,"2012-01-01","2012-12-31","1662-5188",1.16579,"FRONTIERS IN COMPUTATIONAL NEUROSCIENCE","NEUROSCIENCE"
2584,"2012-01-01","2012-12-31","1662-5161",1.29032,"Frontiers in Human Neuroscience","NEUROSCIENCE"
2086,"2012-01-01","2012-12-31","1662-5110",2.74715,"FRONTIERS IN NEURAL CIRCUITS","NEUROSCIENCE"
1780,"2012-01-01","2012-12-31","1742-9994",1.94653,"FRONTIERS IN ZOOLOGY","ECOLOGY AND EVOLUTION"
1950,"2012-01-01","2012-12-31","2160-1836",0.89545,"G3","MOLECULAR AND CELL BIOLOGY"
750,"2012-01-01","2012-12-31","1676-5680",0.239583,"GENETICS AND MOLECULAR RESEARCH","MOLECULAR AND CELL BIOLOGY"
1450,"2012-01-01","2012-12-31","1759-6653",2.27829,"GENOME BIOLOGY AND EVOLUTION","MOLECULAR AND CELL BIOLOGY"
2470,"2012-01-01","2012-12-31","1756-994X",1.62177,"Genome Medicine","MOLECULAR AND CELL BIOLOGY"
0,"2012-01-01","2012-12-31","0016-8076",0.407675,"GEORGE WASHINGTON LAW REVIEW","LAW"
0,"2012-01-01","2012-12-31","0016-8092",0.987691,"GEORGETOWN LAW JOURNAL","LAW"
0,"2012-01-01","2012-12-31","0017-0011",0.0717057,"GINEKOLOGIA POLSKA","MEDICINE"
1625,"2012-01-01","2012-12-31","1744-8603",0.829651,"Globalization and Health","MEDICINE"
1860,"2012-01-01","2012-12-31","1757-4749",0.797123,"Gut Pathogens","MOLECULAR AND CELL BIOLOGY"
1625,"2012-01-01","2012-12-31","1477-7517",0.653528,"HARM REDUCTION JOURNAL","PSYCHIATRY"
0,"2012-01-01","2012-12-31","0017-808X",0.355336,"HARVARD JOURNAL ON LEGISLATION","LAW"
0,"2012-01-01","2012-12-31","0017-8322",0.358927,"HASTINGS LAW JOURNAL","LAW"
1900,"2012-01-01","2012-12-31","1746-160X",1.11734,"Head & Face Medicine","DENTISTRY"
1900,"2012-01-01","2012-12-31","1477-7525",0.985122,"Health and Quality of Life Outcomes","MEDICINE"
1625,"2012-01-01","2012-12-31","1478-4505",1.1399,"Health Research Policy and Systems","MEDICINE"
0,"2012-01-01","2012-12-31","1931-7603",0.228779,"HERPETOLOGICAL CONSERVATION AND BIOLOGY","ECOLOGY AND EVOLUTION"
0,"2012-01-01","2012-12-31","0018-2079",0.33625,"Hiroshima Mathematical Journal","MATHEMATICS"
1625,"2012-01-01","2012-12-31","1478-4491",0.743488,"HUMAN RESOURCES FOR HEALTH","MEDICINE"
270,"2012-01-01","2012-12-31","1349-2543",0.122907,"IEICE Electronics Express","CIRCUITS"
1970,"2012-01-01","2012-12-31","1748-5908",0.930297,"Implementation Science","MEDICINE"
0,"2012-01-01","2012-12-31","0972-5849",0.189148,"INDIAN JOURNAL OF BIOTECHNOLOGY","PLANT BIOLOGY"
0,"2012-01-01","2012-12-31","0376-4710",0.161633,"INDIAN JOURNAL OF CHEMISTRY SECTION A-INORGANIC BIO-INORGANIC PHYSICAL THEORETIC","PHYSICS AND CHEMISTRY"
0,"2012-01-01","2012-12-31","0378-6323",0.347792,"Indian Journal of Dermatology Venereology & Leprology","DERMATOLOGY"
0,"2012-01-01","2012-12-31","0255-0857",0.386393,"INDIAN JOURNAL OF MEDICAL MICROBIOLOGY","INFECTIOUS DISEASES"
0,"2012-01-01","2012-12-31","0971-5916",0.583765,"INDIAN JOURNAL OF MEDICAL RESEARCH","MEDICINE"
0,"2012-01-01","2012-12-31","0019-5413",0.225771,"INDIAN JOURNAL OF ORTHOPAEDICS","ORTHOPEDICS"
0,"2012-01-01","2012-12-31","0377-4929",0.188252,"INDIAN JOURNAL OF PATHOLOGY AND MICROBIOLOGY","ONCOLOGY"
0,"2012-01-01","2012-12-31","0250-474X",0.195038,"INDIAN JOURNAL OF PHARMACEUTICAL SCIENCES","PHARMACOLOGY"
0,"2012-01-01","2012-12-31","1368-1613",0.277093,"Information Research","INFORMATION SCIENCE"
0,"2012-01-01","2012-12-31","0236-8722",0.193898,"International Agrophysics","PLANT BIOLOGY"
1700,"2012-01-01","2012-12-31","1475-9276",0.779266,"INTERNATIONAL JOURNAL FOR EQUITY IN HEALTH","MEDICINE"
1625,"2012-01-01","2012-12-31","1479-5868",1.42007,"International Journal of Behavioral Nutrition and Physical Activity","MEDICINE"
1350,"2012-01-01","2012-12-31","1449-2288",0.94217,"International Journal of Biological Sciences","MOLECULAR AND CELL BIOLOGY"
0,"2012-01-01","2012-12-31","1239-9736",0.400348,"International Journal of Circumpolar Health","MEDICINE"
0,"2012-01-01","2012-12-31","1864-1385",0.273336,"INTERNATIONAL JOURNAL OF CONFLICT AND VIOLENCE","PSYCHOLOGY"
1625,"2012-01-01","2012-12-31","1476-072X",0.840666,"International Journal of Health Geographics","MEDICINE"
1625,"2012-01-01","2012-12-31","1752-4458",0.862329,"International Journal of Mental Health Systems","PSYCHIATRY"
1493,"2012-01-01","2012-12-31","1422-0067",0.664519,"INTERNATIONAL JOURNAL OF MOLECULAR SCIENCES","MOLECULAR AND CELL BIOLOGY"
0,"2012-01-01","2012-12-31","1735-0328",0.102759,"Iranian Journal of Pharmaceutical Research","FOOD SCIENCE"
0,"2012-01-01","2012-12-31","1565-1088",0.299727,"Israel Medical Association Journal","MEDICINE"
0,"2012-01-01","2012-12-31","1526-9914",0.391411,"Journal of Applied Clinical Medical Physics","RADIOLOGY"
0,"2012-01-01","2012-12-31","1062-6050",0.958396,"JOURNAL OF ATHLETIC TRAINING","SPORTS MEDICINE"
0,"2012-01-01","2012-12-31","1790-045X",0.14852,"Journal of Biological Research-Thessaloniki","ECOLOGY AND EVOLUTION"
0,"2012-01-01","2012-12-31","0973-1482",0.270219,"JOURNAL OF CANCER RESEARCH AND THERAPEUTICS","ONCOLOGY"
1720,"2012-01-01","2012-12-31","1749-8090",0.3207,"Journal of Cardiothoracic Surgery","MEDICINE"
0,"2012-01-01","2012-12-31","0253-4134",0.307702,"JOURNAL OF CHEMICAL SCIENCES","PHYSICS AND CHEMISTRY"
810,"2012-01-01","2012-12-31","1758-2946",1.22119,"Journal of Cheminformatics","MOLECULAR AND CELL BIOLOGY"
0,"2012-01-01","2012-12-31","0970-9371",0.0520794,"JOURNAL OF CYTOLOGY","ONCOLOGY"
0,"2012-01-01","2012-12-31","1558-9250",0.322228,"Journal of Engineered Fibers and Fabrics","PHYSICS AND CHEMISTRY"
0,"2012-01-01","2012-12-31","0747-9964",0.149976,"Journal of Engineering Technology","PHYSICS AND CHEMISTRY"
1625,"2012-01-01","2012-12-31","1746-4269",0.970283,"Journal of Ethnobiology and Ethnomedicine","FOOD SCIENCE"
1720,"2012-01-01","2012-12-31","1756-9966",0.674894,"JOURNAL OF EXPERIMENTAL & CLINICAL CANCER RESEARCH","ONCOLOGY"
1625,"2012-01-01","2012-12-31","1757-1146",0.623541,"Journal of Foot and Ankle Research","SPORTS MEDICINE"
0,"2012-01-01","2012-12-31","0022-1333",0.341817,"JOURNAL OF GENETICS","MOLECULAR AND CELL BIOLOGY"
1820,"2012-01-01","2012-12-31","1756-8722",0.987699,"Journal of Hematology & Oncology","MOLECULAR AND CELL BIOLOGY"
1625,"2012-01-01","2012-12-31","1476-9255",0.99351,"JOURNAL OF INFLAMMATION-LONDON","MOLECULAR AND CELL BIOLOGY"
0,"2012-01-01","2012-12-31","1000-324X",0.0683563,"JOURNAL OF INORGANIC MATERIALS","PHYSICS AND CHEMISTRY"
0,"2012-01-01","2012-12-31","1536-2442",0.381455,"JOURNAL OF INSECT SCIENCE","ECOLOGY AND EVOLUTION"
0,"2012-01-01","2012-12-31","1880-0688",0.219464,"Journal of Laser Micro Nanoengineering","PHYSICS AND CHEMISTRY"
1990,"2012-01-01","2012-12-31","1438-8871",1.32724,"JOURNAL OF MEDICAL INTERNET RESEARCH","MEDICINE"
0,"2012-01-01","2012-12-31","1684-1182",0.550249,"JOURNAL OF MICROBIOLOGY IMMUNOLOGY AND INFECTION","INFECTIOUS DISEASES"
1625,"2012-01-01","2012-12-31","1743-0003",0.896254,"Journal of NeuroEngineering and Rehabilitation","SPORTS MEDICINE"
1625,"2012-01-01","2012-12-31","1742-2094",1.34162,"Journal of Neuroinflammation","NEUROSCIENCE"
1740,"2012-01-01","2012-12-31","1745-6673",0.915494,"Journal of Occupational Medicine and Toxicology","ENVIRONMENTAL HEALTH"
0,"2012-01-01","2012-12-31","1749-799X",0.683149,"Journal of Orthopaedic Surgery and Research","ORTHOPEDICS"
1625,"2012-01-01","2012-12-31","1757-2215",0.633827,"Journal of Ovarian Research","MOLECULAR AND CELL BIOLOGY"
0,"2012-01-01","2012-12-31","0915-5287",0.0385748,"Journal of Physical Therapy Science","SPORTS MEDICINE"
0,"2012-01-01","2012-12-31","0022-3859",0.389058,"Journal of Postgraduate Medicine","MEDICINE"
0,"2012-01-01","2012-12-31","0748-7711",0.775653,"JOURNAL OF REHABILITATION RESEARCH AND DEVELOPMENT","SPORTS MEDICINE"
600,"2012-01-01","2012-12-31","1303-2968",0.338707,"Journal of Sports Science and Medicine","SPORTS MEDICINE"
0,"2012-01-01","2012-12-31","1536-9323",1.13641,"Journal of the Association for Information Systems","MARKETING"
0,"2012-01-01","2012-12-31","1488-2159",0.359293,"JOURNAL OF THE CANADIAN DENTAL ASSOCIATION","DENTISTRY"
520,"2012-01-01","2012-12-31","1990-2573",0.361688,"Journal of the European Optical Society-Rapid Publications","PHYSICS AND CHEMISTRY"
1960,"2012-01-01","2012-12-31","1758-2652",1.58872,"Journal of the International AIDS Society","INFECTIOUS DISEASES"
1625,"2012-01-01","2012-12-31","1550-2783",0.393518,"JOURNAL OF THE INTERNATIONAL SOCIETY OF SPORTS NUTRITION","SPORTS MEDICINE"
0,"2012-01-01","2012-12-31","1021-2019",0.0821031,"Journal of the South African Institution of Civil Engineering","STRUCTURAL ENGINEERING"
1900,"2012-01-01","2012-12-31","1479-5876",1.09965,"Journal of Translational Medicine","MOLECULAR AND CELL BIOLOGY"
0,"2012-01-01","2012-12-31","1678-9199",0.0852196,"JOURNAL OF VENOMOUS ANIMALS AND TOXINS INCLUDING TROPICAL DISEASES","INFECTIOUS DISEASES"
0,"2012-01-01","2012-12-31","1229-845X",0.290625,"Journal of Veterinary Science","VETERINARY"
0,"2012-01-01","2012-12-31","1534-7362",1.21106,"JOURNAL OF VISION","PSYCHOLOGY"
0,"2012-01-01","2012-12-31","1930-2975",0.998016,"Judgment and Decision Making","PSYCHOLOGY"
0,"2012-01-01","2012-12-31","1961-9502",0.191122,"Knowledge and Management of Aquatic Ecosystems","ECOLOGY AND EVOLUTION"
0,"2012-01-01","2012-12-31","0023-5954",0.28356,"KYBERNETIKA","ROBOTICS"
0,"2012-01-01","2012-12-31","1094-3501",0.919582,"LANGUAGE LEARNING & TECHNOLOGY","LINGUISTICS"
1625,"2012-01-01","2012-12-31","1476-511X",0.513145,"Lipids in Health and Disease","MEDICINE"
0,"2012-01-01","2012-12-31","1433-8351",7.19434,"Living Reviews in Relativity","HIGH ENERGY PHYSICS"
0,"2012-01-01","2012-12-31","1461-1570",0.706586,"LMS JOURNAL OF COMPUTATION AND MATHEMATICS","MATHEMATICS"
0,"2012-01-01","2012-12-31","1860-5974",0.471565,"Logical Methods in Computer Science","COMPUTER SCIENCE"
1720,"2012-01-01","2012-12-31","1475-2875",0.894699,"MALARIA JOURNAL","INFECTIOUS DISEASES"
1493,"2012-01-01","2012-12-31","1660-3397",0.906127,"Marine Drugs","FOOD SCIENCE"
853,"2012-01-01","2012-12-31","1996-1944",0.637198,"Materials","PHYSICS AND CHEMISTRY"
3000,"2012-01-01","2012-12-31","2150-7511",2.42764,"MBIO","MOLECULAR AND CELL BIOLOGY"
0,"2012-01-01","2012-12-31","1335-8871",0.165578,"MEASUREMENT SCIENCE REVIEW","CIRCUITS"
0,"2012-01-01","2012-12-31","0025-7273",0.482867,"Medical History","HISTORY AND PHILOSOPHY OF SCIENCE"
1625,"2012-01-01","2012-12-31","1475-2859",1.0348,"Microbial Cell Factories","MOLECULAR AND CELL BIOLOGY"
1625,"2012-01-01","2012-12-31","1756-6606",1.61282,"Molecular Brain","NEUROSCIENCE"
1625,"2012-01-01","2012-12-31","1476-4598",1.58805,"Molecular Cancer","MOLECULAR AND CELL BIOLOGY"
1625,"2012-01-01","2012-12-31","1755-8166",0.828873,"Molecular Cytogenetics","MOLECULAR AND CELL BIOLOGY"
2055,"2012-01-01","2012-12-31","1750-1326",1.6077,"Molecular Neurodegeneration","NEUROSCIENCE"
2190,"2012-01-01","2012-12-31","1744-8069",1.48768,"Molecular Pain","NEUROSCIENCE"
3900,"2012-01-01","2012-12-31","1744-4292",5.97922,"Molecular Systems Biology","MOLECULAR AND CELL BIOLOGY"
0,"2012-01-01","2012-12-31","1090-0535",0.622842,"MOLECULAR VISION","OPHTHALMOLOGY"
1493,"2012-01-01","2012-12-31","1420-3049",0.572502,"MOLECULES","FOOD SCIENCE"
1970,"2012-01-01","2012-12-31","1749-8104",1.97922,"Neural Development","MOLECULAR AND CELL BIOLOGY"
0,"2012-01-01","2012-12-31","1823-6138",0.0832081,"NEUROLOGY ASIA","NEUROSCIENCE"
0,"2012-01-01","2012-12-31","0028-3886",0.303856,"NEUROLOGY INDIA","NEUROSCIENCE"
1040,"2012-01-01","2012-12-31","1367-2630",2.07329,"NEW JOURNAL OF PHYSICS","PHYSICS AND CHEMISTRY"
533,"2012-01-01","2012-12-31","2072-6643",0.482948,"Nutrients","MEDICINE"
1720,"2012-01-01","2012-12-31","1743-7075",0.842212,"Nutrition & Metabolism","MEDICINE"
2055,"2012-01-01","2012-12-31","1475-2891",0.829609,"NUTRITION JOURNAL","MEDICINE"
1932,"2012-01-01","2012-12-31","2046-2441",1.64773,"Open Biology ","MOLECULAR AND CELL BIOLOGY"
1743,"2012-01-01","2012-12-31","1094-4087",1.13174,"OPTICS EXPRESS","PHYSICS AND CHEMISTRY"
1355,"2012-01-01","2012-12-31","1750-1172",1.95994,"Orphanet Journal of Rare Diseases","MOLECULAR AND CELL BIOLOGY"
0,"2012-01-01","2012-12-31","0030-6126",0.517534,"OSAKA JOURNAL OF MATHEMATICS","MATHEMATICS"
0,"2012-01-01","2012-12-31","1026-2881",0.0654357,"PACHYDERM","ECOLOGY AND EVOLUTION"
0,"2012-01-01","2012-12-31","0556-3321",0.12045,"PAKISTAN JOURNAL OF BOTANY","PLANT BIOLOGY"
0,"2012-01-01","2012-12-31","1682-024X",0.039099,"PAKISTAN JOURNAL OF MEDICAL SCIENCES","MEDICINE"
1665,"2012-01-01","2012-12-31","1756-3305",0.669497,"Parasites & Vectors","INFECTIOUS DISEASES"
1625,"2012-01-01","2012-12-31","1743-8977",2.53038,"PARTICLE AND FIBRE TOXICOLOGY","ENVIRONMENTAL HEALTH"
1625,"2012-01-01","2012-12-31","1546-0096",0.655931,"Pediatric Rheumatology","RHEUMATOLOGY"
0,"2012-01-01","2012-12-31","1734-1140",0.491304,"Pharmacological Reports","NEUROSCIENCE"
0,"2012-01-01","2012-12-31","1098-4402",0.72331,"PHYSICAL REVIEW SPECIAL TOPICS-ACCELERATORS AND BEAMS","PHYSICS AND CHEMISTRY"
1700,"2012-01-01","2012-12-31","1554-9178",0.514172,"Physical Review Special Topics-Physics Education Research","EDUCATION"
1500,"2012-01-01","2012-12-31","2160-3308",4.98219,"Physical Review X","PHYSICS AND CHEMISTRY"
1625,"2012-01-01","2012-12-31","1746-4811",1.25748,"Plant Methods","PLANT BIOLOGY"
0,"2012-01-01","2012-12-31","1214-1178",0.262262,"PLANT SOIL AND ENVIRONMENT","PLANT BIOLOGY"
0,"2012-01-01","2012-12-31","1471-0676",0.731392,"Platinum Metals Review","PHYSICS AND CHEMISTRY"
2250,"2012-01-01","2012-12-31","1935-2735",1.47549,"PLoS Neglected Tropical Diseases","INFECTIOUS DISEASES"
1350,"2012-01-01","2012-12-31","1932-6203",1.54477,"PLoS One","MOLECULAR AND CELL BIOLOGY"
0,"2012-01-01","2012-12-31","1505-1773",0.118853,"POLISH JOURNAL OF VETERINARY SCIENCES","VETERINARY"
320,"2012-01-01","2012-12-31","2073-4360",0.428096,"Polymers","PHYSICS AND CHEMISTRY"
1625,"2012-01-01","2012-12-31","1478-7954",2.2316,"Population Health Metrics","MEDICINE"
0,"2012-01-01","2012-12-31","0253-4142",0.222133,"PROCEEDINGS OF THE INDIAN ACADEMY OF SCIENCES-MATHEMATICAL SCIENCES","MATHEMATICS"
0,"2012-01-01","2012-12-31","0386-2194",0.444413,"PROCEEDINGS OF THE JAPAN ACADEMY SERIES A-MATHEMATICAL SCIENCES","MATHEMATICS"
1625,"2012-01-01","2012-12-31","1477-5956",0.628173,"Proteome Science","MOLECULAR AND CELL BIOLOGY"
0,"2012-01-01","2012-12-31","0033-2879",0.420349,"PSYCHOLOGICA BELGICA","PSYCHOLOGY"
0,"2012-01-01","2012-12-31","1210-2512",0.153647,"Radioengineering","CIRCUITS"
0,"2012-01-01","2012-12-31","1307-6167",0.278311,"Records of Natural Products","FOOD SCIENCE"
1720,"2012-01-01","2012-12-31","1477-7827",0.608954,"Reproductive Biology and Endocrinology","MEDICINE"
1625,"2012-01-01","2012-12-31","1742-4755",0.892075,"Reproductive Health","MEDICINE"
2265,"2012-01-01","2012-12-31","1465-9921",1.1816,"RESPIRATORY RESEARCH","MEDICINE"
1665,"2012-01-01","2012-12-31","1742-4690",1.49155,"Retrovirology","MOLECULAR AND CELL BIOLOGY"
0,"2012-01-01","2012-12-31","1133-455X",0.0732653,"Revista de Economia Aplicada","ECONOMICS"
0,"2012-01-01","2012-12-31","0185-1101",0.610113,"REVISTA MEXICANA DE ASTRONOMIA Y ASTROFISICA","ASTRONOMY AND ASTROPHYSICS"
0,"2012-01-01","2012-12-31","1020-4989",0.306725,"REVISTA PANAMERICANA DE SALUD PUBLICA-PAN AMERICAN JOURNAL OF PUBLIC HEALTH","MEDICINE"
65,"2012-01-01","2012-12-31","1224-5984",0.0704962,"Romanian Biotechnological Letters","FOOD SCIENCE"
0,"2012-01-01","2012-12-31","1221-146X",0.0948774,"Romanian Journal of Physics","HIGH ENERGY PHYSICS"
0,"2012-01-01","2012-12-31","1221-1451",0.125233,"Romanian Reports in Physics","PHYSICS AND CHEMISTRY"
0,"2012-01-01","2012-12-31","0185-3325",0.0617039,"Salud Mental","PSYCHIATRY"
1805,"2012-01-01","2012-12-31","1757-7241",0.531918,"SCANDINAVIAN JOURNAL OF TRAUMA RESUSCITATION & EMERGENCY MEDICINE","MEDICINE"
0,"2012-01-01","2012-12-31","0350-820X",0.136162,"SCIENCE OF SINTERING","PHYSICS AND CHEMISTRY"
1700,"2012-01-01","2012-12-31","2045-2322",1.57624,"Scientific Reports","PHYSICS AND CHEMISTRY"
1707,"2012-01-01","2012-12-31","1424-8220",0.588298,"SENSORS","PHYSICS AND CHEMISTRY"
0,"2012-01-01","2012-12-31","1869-4195",0.166656,"Series-Journal of the Spanish Economic Association","ECONOMICS"
0,"2012-01-01","2012-12-31","0037-5330",0.479045,"SILVA FENNICA","ECOLOGY AND EVOLUTION"
0,"2012-01-01","2012-12-31","0038-3910",0.525104,"SOUTHERN CALIFORNIA LAW REVIEW","LAW"
1845,"2012-01-01","2012-12-31","1757-6512",0.980318,"Stem Cell Research & Therapy","MOLECULAR AND CELL BIOLOGY"
1625,"2012-01-01","2012-12-31","1747-597X",0.590862,"Substance Abuse Treatment Prevention and Policy","PSYCHIATRY"
0,"2012-01-01","2012-12-31","1815-0659",0.597577,"Symmetry Integrability and Geometry-Methods and Applications","MATHEMATICS"
0,"2012-01-01","2012-12-31","0730-2347",0.25543,"TEXAS HEART INSTITUTE JOURNAL","MEDICINE"
1720,"2012-01-01","2012-12-31","1742-4682",0.54481,"THEORETICAL BIOLOGY AND MEDICAL MODELLING","MOLECULAR AND CELL BIOLOGY"
0,"2012-01-01","2012-12-31","1555-7561",5.67241,"Theoretical Economics","ECONOMICS"
0,"2012-01-01","2012-12-31","0354-9836",0.185592,"Thermal Science","ENERGY"
533,"2012-01-01","2012-12-31","2072-6651",0.564101,"Toxins","MOLECULAR AND CELL BIOLOGY"
1800,"2012-01-01","2012-12-31","1936-5233",0.985213,"TRANSLATIONAL ONCOLOGY","ONCOLOGY"
1625,"2012-01-01","2012-12-31","1745-6215",1.042,"Trials","MEDICINE"
0,"2012-01-01","2012-12-31","1303-2712",0.181324,"TURKISH JOURNAL OF FISHERIES AND AQUATIC SCIENCES","ECOLOGY AND EVOLUTION"
0,"2012-01-01","2012-12-31","1300-2163",0.152392,"Turk Psikiyatri Dergisi","PSYCHIATRY"
0,"2012-01-01","2012-12-31","0375-8427",0.215245,"VETERINARNI MEDICINA","VETERINARY"
1900,"2012-01-01","2012-12-31","1743-422X",0.641226,"Virology Journal","INFECTIOUS DISEASES"
532,"2012-01-01","2012-12-31","1999-4915",0.818427,"VIRUSES-BASEL","MOLECULAR AND CELL BIOLOGY"
0,"2012-01-01","2012-12-31","0043-0617",0.228883,"WASHINGTON LAW REVIEW","LAW"
0,"2012-01-01","2012-12-31","0043-650X",0.406803,"Wisconsin Law Review","LAW"
1625,"2012-01-01","2012-12-31","1749-7922",0.743545,"World Journal of Emergency Surgery","GASTROENTEROLOGY"
1900,"2012-01-01","2012-12-31","1477-7819",0.43622,"WORLD JOURNAL OF SURGICAL ONCOLOGY","ONCOLOGY"
0,"2012-01-01","2012-12-31","1021-5506",0.260718,"ZOOLOGICAL STUDIES","ECOLOGY AND EVOLUTION"
0,"2012-01-01","2012-12-31","1280-9551",0.209756,"ZOOSYSTEMA","ECOLOGY AND EVOLUTION"
0,"2012-01-01","2012-12-31","0301-4738",0.31832,"INDIAN JOURNAL OF OPHTHALMOLOGY","OPHTHALMOLOGY"
0,"2012-01-01","2012-12-31","1092-0684",1.19282,"NEUROSURGICAL FOCUS","NEUROSCIENCE"
0,"2012-01-01","2012-12-31","0163-3864",0.753527,"JOURNAL OF NATURAL PRODUCTS","FOOD SCIENCE"
0,"2012-01-01","2012-12-31","1931-7913",0.609341,"CBE-Life Sciences Education","EDUCATION"
0,"2012-01-01","2012-12-31","0918-7960",0.414903,"ANTHROPOLOGICAL SCIENCE","ANTHROPOLOGY"
0,"2012-01-01","2012-12-31","1499-2671",0.549753,"Canadian Journal of Diabetes","MEDICINE"
0,"2012-01-01","2012-12-31","1674-5507",0.506046,"Current Zoology","ECOLOGY AND EVOLUTION"
0,"2012-01-01","2012-12-31","1365-8050",0.667335,"DISCRETE MATHEMATICS AND THEORETICAL COMPUTER SCIENCE","COMPUTER SCIENCE"
2200,"2012-01-01","2012-12-31","1176-9092",0.6732,"Clinical Interventions in Aging","MEDICINE"
2200,"2012-01-01","2012-12-31","1177-8881",0.982132,"Drug Design Development and Therapy","MEDICINE"
2200,"2012-01-01","2012-12-31","1176-6328",0.983219,"Neuropsychiatric Disease and Treatment","NEUROSCIENCE"
2200,"2012-01-01","2012-12-31","1177-889X",0.532164,"Patient Prefence and Adherence ","MEDICINE"
1695,"2012-01-01","2012-12-31","1936-2625",0.642905,"Open Access Animal Physiology ","ONCOLOGY"
2200,"2012-01-01","2012-12-31","1178-6930",0.41212,"ONCOTARGETS AND THERAPY","ONCOLOGY"
2129,"2012-01-01","2012-12-31","1662-5153",1.89108,"Frontiers in Behavioral Neuroscience","NEUROSCIENCE"
1500,"2012-01-01","2012-12-31","1740-2522",0.913086,"Clinical & Developmental Immunology","MOLECULAR AND CELL BIOLOGY"
0,"2012-01-01","2012-12-31","1433-5158",0.112545,"HYLE","PHYSICS AND CHEMISTRY"
1171,"2012-01-01","2012-12-31","1729-8806",0.17741,"INTERNATIONAL JOURNAL OF ADVANCED ROBOTIC SYSTEMS","ROBOTICS"
0,"2012-01-01","2012-12-31","1392-5113",0.391989,"SORT-Statistics and Operations Research Transactions","MATHEMATICS"
75,"2012-01-01","2012-12-31","0972-3757",0.0610232,"INTERNATIONAL JOURNAL OF HUMAN GENETICS","MOLECULAR AND CELL BIOLOGY"
0,"2012-01-01","2012-12-31","1598-2254",0.168084,"Plant Pathology Journal","PLANT BIOLOGY"
0,"2012-01-01","2012-12-31","0972-9062",0.637544,"JOURNAL OF VECTOR BORNE DISEASES","INFECTIOUS DISEASES"
0,"2012-01-01","2012-12-31","1201-561X",0.922499,"Theory and Applications of Categories","MATHEMATICS"
0,"2012-01-01","2012-12-31","1220-1766",0.0642501,"Studies in Informatics and Control","OPERATIONS RESEARCH"
0,"2012-01-01","2012-12-31","0217-2445",0.395162,"RAFFLES BULLETIN OF ZOOLOGY","ECOLOGY AND EVOLUTION"
1750,"2012-01-01","2012-12-31","1759-0914",1.22205,"ASN NEURO","NEUROSCIENCE"
0,"2012-01-01","2012-12-31","0034-7744",0.172407,"REVISTA DE BIOLOGIA TROPICAL","ECOLOGY AND EVOLUTION"
0,"2012-01-01","2012-12-31","1001-9014",0.0544703,"JOURNAL OF INFRARED AND MILLIMETER WAVES","PHYSICS AND CHEMISTRY"
0,"2012-01-01","2012-12-31","2150-5551",0.350981,"Nano-Micro Letters","PHYSICS AND CHEMISTRY"
0,"2012-01-01","2012-12-31","0037-5675",0.317267,"SINGAPORE MEDICAL JOURNAL","MEDICINE"
0,"2012-01-01","2012-12-31","1301-1111",0.055303,"Turkish Journal of Field Crops","PLANT BIOLOGY"
0,"2012-01-01","2012-12-31","0717-7917",0.122639,"Boletin Latinoamericano y del Caribe de Plantas Medicinales y Aromaticas","FOOD SCIENCE"
0,"2012-01-01","2012-12-31","0250-4685",0.0470322,"Turkish Journal of Biochemistry-Turk Biyokimya Dergisi","MOLECULAR AND CELL BIOLOGY"
0,"2012-01-01","2012-12-31","0185-1667",0.0228364,"Investigacion Economica","ECONOMICS"
0,"2012-01-01","2012-12-31","0365-0588",0.231262,"ACTA BOTANICA CROATICA","ECOLOGY AND EVOLUTION"
0,"2012-01-01","2012-12-31","0860-8229",0.0733365,"Metrology and Measurement Systems","PHYSICS AND CHEMISTRY"
0,"2013-01-01","2013-12-31","1433-8351",9.0439,"Living Reviews in Relativity","HIGH ENERGY PHYSICS"
3900,"2013-01-01","2013-12-31","1744-4292",5.89075,"Molecular Systems Biology","MOLECULAR AND CELL BIOLOGY"
2114,"2013-01-01","2013-12-31","1662-5110",1.93053,"FRONTIERS IN NEURAL CIRCUITS","NEUROSCIENCE"
2345,"2013-01-01","2013-12-31","1741-7007",2.86545,"BMC BIOLOGY","MOLECULAR AND CELL BIOLOGY"
0,"2013-01-01","2013-12-31","0003-0090",2.01472,"BULLETIN OF THE AMERICAN MUSEUM OF NATURAL HISTORY","ECOLOGY AND EVOLUTION"
1730,"2013-01-01","2013-12-31","1743-8977",2.08192,"PARTICLE AND FIBRE TOXICOLOGY","ENVIRONMENTAL HEALTH"
2285,"2013-01-01","2013-12-31","1756-8935",2.28162,"EPIGENETICS & CHROMATIN","MOLECULAR AND CELL BIOLOGY"
0,"2013-01-01","2013-12-31","0042-9686",2.66546,"BULLETIN OF THE WORLD HEALTH ORGANIZATION","MEDICINE"
2155,"2013-01-01","2013-12-31","1742-9994",1.2219,"FRONTIERS IN ZOOLOGY","ECOLOGY AND EVOLUTION"
1450,"2013-01-01","2013-12-31","1759-6653",2.00793,"GENOME BIOLOGY AND EVOLUTION","MOLECULAR AND CELL BIOLOGY"
3000,"2013-01-01","2013-12-31","2150-7511",3.05707,"MBIO","MOLECULAR AND CELL BIOLOGY"
0,"2013-01-01","2013-12-31","0091-6765",2.36405,"ENVIRONMENTAL HEALTH PERSPECTIVES","ENVIRONMENTAL HEALTH"
2285,"2013-01-01","2013-12-31","1749-8104",2.03161,"Neural Development","MOLECULAR AND CELL BIOLOGY"
0,"2013-01-01","2013-12-31","1080-6040",2.23362,"EMERGING INFECTIOUS DISEASES","INFECTIOUS DISEASES"
2345,"2013-01-01","2013-12-31","1741-7015",2.49797,"BMC Medicine","MEDICINE"
1760,"2013-01-01","2013-12-31","1367-2630",1.95684,"NEW JOURNAL OF PHYSICS","PHYSICS AND CHEMISTRY"
1945,"2013-01-01","2013-12-31","1750-1172",1.77467,"Orphanet Journal of Rare Diseases","MOLECULAR AND CELL BIOLOGY"
1885,"2013-01-01","2013-12-31","1747-1028",1.49317,"CELL DIVISION","MOLECULAR AND CELL BIOLOGY"
2112,"2013-01-01","2013-12-31","1662-5102",1.40214,"FRONTIERS IN CELLULAR NEUROSCIENCE","NEUROSCIENCE"
1760,"2013-01-01","2013-12-31","1742-4690",1.35987,"Retrovirology","MOLECULAR AND CELL BIOLOGY"
2000,"2013-01-01","2013-12-31","1471-2288",1.21977,"BMC Medical Research Methodology","MEDICINE"
2000,"2013-01-01","2013-12-31","1471-2148",1.37445,"BMC EVOLUTIONARY BIOLOGY","ECOLOGY AND EVOLUTION"
1350,"2013-01-01","2013-12-31","1932-6203",1.37002,"PLoS One","MOLECULAR AND CELL BIOLOGY"
0,"2013-01-01","2013-12-31","1431-0643",1.46044,"Documenta Mathematica","MATHEMATICS"
2280,"2013-01-01","2013-12-31","1479-5868",1.50458,"International Journal of Behavioral Nutrition and Physical Activity","MEDICINE"
2000,"2013-01-01","2013-12-31","1476-4598",1.62522,"Molecular Cancer","MOLECULAR AND CELL BIOLOGY"
2000,"2013-01-01","2013-12-31","1745-6150",1.57833,"Biology Direct","MOLECULAR AND CELL BIOLOGY"
2250,"2013-01-01","2013-12-31","1935-2735",1.49906,"PLoS Neglected Tropical Diseases","INFECTIOUS DISEASES"
2000,"2013-01-01","2013-12-31","1471-2164",1.4142,"BMC GENOMICS","MOLECULAR AND CELL BIOLOGY"
0,"2013-01-01","2013-12-31","1092-0684",0.966774,"NEUROSURGICAL FOCUS","NEUROSCIENCE"
0,"2013-01-01","2013-12-31","1473-2262",1.51769,"EUROPEAN CELLS & MATERIALS","ORTHOPEDICS"
2000,"2013-01-01","2013-12-31","1471-213X",1.18822,"BMC DEVELOPMENTAL BIOLOGY","MOLECULAR AND CELL BIOLOGY"
2000,"2013-01-01","2013-12-31","1755-8794",1.36466,"BMC Medical Genomics","MOLECULAR AND CELL BIOLOGY"
1900,"2013-01-01","2013-12-31","1438-8871",1.36531,"JOURNAL OF MEDICAL INTERNET RESEARCH","MEDICINE"
1950,"2013-01-01","2013-12-31","1759-0914",1.39815,"ASN NEURO","NEUROSCIENCE"
2155,"2013-01-01","2013-12-31","1750-1326",1.59144,"Molecular Neurodegeneration","NEUROSCIENCE"
2345,"2013-01-01","2013-12-31","1744-8069",1.35329,"Molecular Pain","NEUROSCIENCE"
2000,"2013-01-01","2013-12-31","1471-2105",1.33522,"BMC BIOINFORMATICS","MOLECULAR AND CELL BIOLOGY"
203,"2013-01-01","2013-12-31","1742-2094",1.43754,"Journal of Neuroinflammation","NEUROSCIENCE"
1760,"2013-01-01","2013-12-31","1746-4811",1.2324,"Plant Methods","PLANT BIOLOGY"
1350,"2013-01-01","2013-12-31","1467-3037",1.50736,"CURRENT ISSUES IN MOLECULAR BIOLOGY","MOLECULAR AND CELL BIOLOGY"
0,"2013-01-01","2013-12-31","1083-6489",1.27577,"ELECTRONIC JOURNAL OF PROBABILITY","MATHEMATICS"
2000,"2013-01-01","2013-12-31","1471-2229",1.34755,"BMC PLANT BIOLOGY","PLANT BIOLOGY"
1745,"2013-01-01","2013-12-31","1476-069X",1.11528,"Environmental Health","ENVIRONMENTAL HEALTH"
1275,"2013-01-01","2013-12-31","1534-7362",1.23955,"JOURNAL OF VISION","PSYCHOLOGY"
2000,"2013-01-01","2013-12-31","1471-2199",1.14273,"BMC MOLECULAR BIOLOGY","MOLECULAR AND CELL BIOLOGY"
2000,"2013-01-01","2013-12-31","1752-0509",1.18364,"BMC Systems Biology","MOLECULAR AND CELL BIOLOGY"
2000,"2013-01-01","2013-12-31","1471-2261",0.563565,"BMC CARDIOVASCULAR DISORDERS","MEDICINE"
2380,"2013-01-01","2013-12-31","1465-9921",1.12288,"RESPIRATORY RESEARCH","MEDICINE"
0,"2013-01-01","2013-12-31","1930-2975",1.50292,"Judgment and Decision Making","PSYCHOLOGY"
2000,"2013-01-01","2013-12-31","1471-2369",0.605069,"BMC NEPHROLOGY","NEPHROLOGY"
1745,"2013-01-01","2013-12-31","1094-4087",1.09285,"OPTICS EXPRESS","PHYSICS AND CHEMISTRY"
0,"2013-01-01","2013-12-31","1533-3159",1.0464,"PAIN PHYSICIAN","MEDICINE"
3400,"2013-01-01","2013-12-31","1936-5233",0.870729,"TRANSLATIONAL ONCOLOGY","ONCOLOGY"
2000,"2013-01-01","2013-12-31","1744-8603",1.06775,"Globalization and Health","MEDICINE"
2000,"2013-01-01","2013-12-31","1471-2202",1.08998,"BMC NEUROSCIENCE","NEUROSCIENCE"
2000,"2013-01-01","2013-12-31","1471-2121",1.09151,"BMC CELL BIOLOGY","MOLECULAR AND CELL BIOLOGY"
2114,"2013-01-01","2013-12-31","1662-5161",1.17487,"Frontiers in Human Neuroscience","NEUROSCIENCE"
2000,"2013-01-01","2013-12-31","1479-5876",1.21879,"Journal of Translational Medicine","MOLECULAR AND CELL BIOLOGY"
2000,"2013-01-01","2013-12-31","1471-2180",1.06471,"BMC MICROBIOLOGY","MOLECULAR AND CELL BIOLOGY"
0,"2013-01-01","2013-12-31","1474-7049",0.719703,"EVOLUTIONARY PSYCHOLOGY","PSYCHOLOGY"
2000,"2013-01-01","2013-12-31","1471-2334",0.953923,"BMC INFECTIOUS DISEASES","INFECTIOUS DISEASES"
2000,"2013-01-01","2013-12-31","1746-6148",0.522041,"BMC VETERINARY RESEARCH","VETERINARY"
2000,"2013-01-01","2013-12-31","1756-8722",1.12262,"Journal of Hematology & Oncology","MOLECULAR AND CELL BIOLOGY"
2113,"2013-01-01","2013-12-31","1662-5188",1.05688,"FRONTIERS IN COMPUTATIONAL NEUROSCIENCE","NEUROSCIENCE"
0,"2013-01-01","2013-12-31","1461-1570",0.706742,"LMS JOURNAL OF COMPUTATION AND MATHEMATICS","MATHEMATICS"
1730,"2013-01-01","2013-12-31","1476-072X",0.850355,"International Journal of Health Geographics","MEDICINE"
1730,"2013-01-01","2013-12-31","1475-2859",1.16303,"Microbial Cell Factories","MOLECULAR AND CELL BIOLOGY"
1300,"2013-01-01","2013-12-31","1449-2288",1.12326,"International Journal of Biological Sciences","MOLECULAR AND CELL BIOLOGY"
2000,"2013-01-01","2013-12-31","1471-2431",0.81641,"BMC PEDIATRICS","MEDICINE"
2000,"2013-01-01","2013-12-31","1471-2407",1.06451,"BMC CANCER","ONCOLOGY"
0,"2013-01-01","2013-12-31","1239-629X",0.754689,"ANNALES ACADEMIAE SCIENTIARUM FENNICAE-MATHEMATICA","MATHEMATICS"
2000,"2013-01-01","2013-12-31","1477-7525",0.938391,"Health and Quality of Life Outcomes","MEDICINE"
2000,"2013-01-01","2013-12-31","1744-9081",0.793395,"Behavioral and Brain Functions","NEUROSCIENCE"
1730,"2013-01-01","2013-12-31","1745-6215",0.980677,"Trials","MEDICINE"
1805,"2013-01-01","2013-12-31","1475-9276",0.584606,"INTERNATIONAL JOURNAL FOR EQUITY IN HEALTH","MEDICINE"
2285,"2013-01-01","2013-12-31","1478-4491",0.801975,"HUMAN RESOURCES FOR HEALTH","MEDICINE"
2000,"2013-01-01","2013-12-31","1471-2415",0.533766,"BMC OPHTHALMOLOGY","OPHTHALMOLOGY"
1935,"2013-01-01","2013-12-31","1475-2840",0.738494,"Cardiovascular Diabetology","MEDICINE"
2000,"2013-01-01","2013-12-31","1472-6947",0.600834,"BMC Medical Informatics and Decision Making","MEDICINE"
2000,"2013-01-01","2013-12-31","1471-244X",0.89124,"BMC Psychiatry","PSYCHIATRY"
2000,"2013-01-01","2013-12-31","1471-2172",0.914163,"BMC IMMUNOLOGY","MOLECULAR AND CELL BIOLOGY"
2000,"2013-01-01","2013-12-31","1477-7517",0.684255,"HARM REDUCTION JOURNAL","PSYCHIATRY"
1065,"2013-01-01","2013-12-31","1559-4106",0.770495,"Biointerphases","PHYSICS AND CHEMISTRY"
0,"2013-01-01","2013-12-31","1083-589X",0.820024,"ELECTRONIC COMMUNICATIONS IN PROBABILITY","MATHEMATICS"
2000,"2013-01-01","2013-12-31","1472-6750",0.840854,"BMC BIOTECHNOLOGY","MOLECULAR AND CELL BIOLOGY"
0,"2013-01-01","2013-12-31","0016-8092",0.886319,"GEORGETOWN LAW JOURNAL","LAW"
1845,"2013-01-01","2013-12-31","1476-9255",0.821776,"JOURNAL OF INFLAMMATION-LONDON","MOLECULAR AND CELL BIOLOGY"
2075,"2013-01-01","2013-12-31","1748-5908",1.20733,"Implementation Science","MEDICINE"
2000,"2013-01-01","2013-12-31","1471-2156",0.87615,"BMC GENETICS","MOLECULAR AND CELL BIOLOGY"
1980,"2013-01-01","2013-12-31","1176-9343",0.509924,"Evolutionary Bioinformatics","MOLECULAR AND CELL BIOLOGY"
1900,"2013-01-01","2013-12-31","1475-2875",0.974376,"MALARIA JOURNAL","INFECTIOUS DISEASES"
1730,"2013-01-01","2013-12-31","1757-2215",0.67456,"Journal of Ovarian Research","MOLECULAR AND CELL BIOLOGY"
2000,"2013-01-01","2013-12-31","1471-2377",0.918799,"BMC Neurology","NEUROSCIENCE"
1820,"2013-01-01","2013-12-31","1743-7075",0.884654,"Nutrition & Metabolism","MEDICINE"
2155,"2013-01-01","2013-12-31","1475-2891",0.77445,"NUTRITION JOURNAL","MEDICINE"
1934,"2013-01-01","2013-12-31","1660-3397",0.897026,"Marine Drugs","FOOD SCIENCE"
1730,"2013-01-01","2013-12-31","1752-153X",0.438421,"Chemistry Central Journal","FOOD SCIENCE"
1730,"2013-01-01","2013-12-31","1748-7188",1.0399,"Algorithms for Molecular Biology","MOLECULAR AND CELL BIOLOGY"
2000,"2013-01-01","2013-12-31","1471-2350",0.746754,"BMC Medical Genetics","MOLECULAR AND CELL BIOLOGY"
2000,"2013-01-01","2013-12-31","1471-2458",0.870229,"BMC PUBLIC HEALTH","MEDICINE"
0,"2013-01-01","2013-12-31","1094-3501",0.952409,"LANGUAGE LEARNING & TECHNOLOGY","LINGUISTICS"
0,"2013-01-01","2013-12-31","1435-9871",0.851728,"Demographic Research","SOCIOLOGY"
0,"2013-01-01","2013-12-31","0029-3571",0.672273,"NORTHWESTERN UNIVERSITY LAW REVIEW","LAW"
1730,"2013-01-01","2013-12-31","1758-2946",1.26175,"Journal of Cheminformatics","MOLECULAR AND CELL BIOLOGY"
2000,"2013-01-01","2013-12-31","1743-0003",0.90964,"Journal of NeuroEngineering and Rehabilitation","SPORTS MEDICINE"
2000,"2013-01-01","2013-12-31","1471-2296",0.673109,"BMC Family Practice","MEDICINE"
2000,"2013-01-01","2013-12-31","1472-6963",0.7117,"BMC HEALTH SERVICES RESEARCH","MEDICINE"
2000,"2013-01-01","2013-12-31","1472-6882",0.453867,"BMC COMPLEMENTARY AND ALTERNATIVE MEDICINE","FOOD SCIENCE"
0,"2013-01-01","2013-12-31","1077-8926",0.803795,"ELECTRONIC JOURNAL OF COMBINATORICS","COMPUTER SCIENCE"
0,"2013-01-01","2013-12-31","1062-6050",0.71189,"JOURNAL OF ATHLETIC TRAINING","SPORTS MEDICINE"
2000,"2013-01-01","2013-12-31","1471-230X",0.773516,"BMC GASTROENTEROLOGY","GASTROENTEROLOGY"
2000,"2013-01-01","2013-12-31","1743-422X",0.66643,"Virology Journal","INFECTIOUS DISEASES"
2000,"2013-01-01","2013-12-31","1471-2474",0.793699,"BMC MUSCULOSKELETAL DISORDERS","ORTHOPEDICS"
2000,"2013-01-01","2013-12-31","1472-6920",0.499786,"BMC MEDICAL EDUCATION","MEDICINE"
1730,"2013-01-01","2013-12-31","1476-7120",0.470821,"CARDIOVASCULAR ULTRASOUND","MEDICINE"
0,"2013-01-01","2013-12-31","1068-9613",0.837031,"ELECTRONIC TRANSACTIONS ON NUMERICAL ANALYSIS","MATHEMATICS"
0,"2013-01-01","2013-12-31","0748-7711",0.772846,"JOURNAL OF REHABILITATION RESEARCH AND DEVELOPMENT","SPORTS MEDICINE"
1780,"2013-01-01","2013-12-31","1756-3305",0.832378,"Parasites & Vectors","INFECTIOUS DISEASES"
0,"2013-01-01","2013-12-31","1933-527X",0.291586,"Econ Journal Watch","ECONOMICS"
0,"2013-01-01","2013-12-31","1090-0535",0.606012,"MOLECULAR VISION","OPHTHALMOLOGY"
0,"2013-01-01","2013-12-31","0038-3910",0.376229,"SOUTHERN CALIFORNIA LAW REVIEW","LAW"
1730,"2013-01-01","2013-12-31","1477-5956",0.58756,"Proteome Science","MOLECULAR AND CELL BIOLOGY"
2000,"2013-01-01","2013-12-31","1742-4682",0.527103,"THEORETICAL BIOLOGY AND MEDICAL MODELLING","MOLECULAR AND CELL BIOLOGY"
1718,"2013-01-01","2013-12-31","1422-0067",0.639503,"INTERNATIONAL JOURNAL OF MOLECULAR SCIENCES","MOLECULAR AND CELL BIOLOGY"
1200,"2013-01-01","2013-12-31","1684-1182",0.475372,"JOURNAL OF MICROBIOLOGY IMMUNOLOGY AND INFECTION","INFECTIOUS DISEASES"
1350,"2013-01-01","2013-12-31","2156-7085",0.966606,"Biomedical Optics Express","PHYSICS AND CHEMISTRY"
2000,"2013-01-01","2013-12-31","1480-9222",0.613237,"BIOLOGICAL PROCEDURES ONLINE","MOLECULAR AND CELL BIOLOGY"
2000,"2013-01-01","2013-12-31","1757-4749",0.674633,"Gut Pathogens","MOLECULAR AND CELL BIOLOGY"
0,"2013-01-01","2013-12-31","0971-5916",0.544363,"INDIAN JOURNAL OF MEDICAL RESEARCH","MEDICINE"
0,"2013-01-01","2013-12-31","0185-1101",0.54166,"REVISTA MEXICANA DE ASTRONOMIA Y ASTROFISICA","ASTRONOMY AND ASTROPHYSICS"
1820,"2013-01-01","2013-12-31","1477-7827",0.689388,"Reproductive Biology and Endocrinology","MEDICINE"
2000,"2013-01-01","2013-12-31","1476-511X",0.555469,"Lipids in Health and Disease","MEDICINE"
2000,"2013-01-01","2013-12-31","1477-7819",0.331754,"WORLD JOURNAL OF SURGICAL ONCOLOGY","ONCOLOGY"
0,"2013-01-01","2013-12-31","1098-4402",0.711636,"PHYSICAL REVIEW SPECIAL TOPICS-ACCELERATORS AND BEAMS","PHYSICS AND CHEMISTRY"
0,"2013-01-01","2013-12-31","1723-2007",0.605317,"BLOOD TRANSFUSION","MEDICINE"
0,"2013-01-01","2013-12-31","1365-8050",0.822232,"DISCRETE MATHEMATICS AND THEORETICAL COMPUTER SCIENCE","COMPUTER SCIENCE"
0,"2013-01-01","2013-12-31","0742-3225",0.469367,"FAMILY MEDICINE","MEDICINE"
1905,"2013-01-01","2013-12-31","1757-7241",0.618537,"SCANDINAVIAN JOURNAL OF TRAUMA RESUSCITATION & EMERGENCY MEDICINE","MEDICINE"
0,"2013-01-01","2013-12-31","1734-1140",0.50276,"Pharmacological Reports","NEUROSCIENCE"
1290,"2013-01-01","2013-12-31","1999-4915",1.05084,"VIRUSES-BASEL","MOLECULAR AND CELL BIOLOGY"
0,"2013-01-01","2013-12-31","1815-0659",0.705686,"Symmetry Integrability and Geometry-Methods and Applications","MATHEMATICS"
100,"2013-01-01","2013-12-31","0255-0857",0.290351,"INDIAN JOURNAL OF MEDICAL MICROBIOLOGY","INFECTIOUS DISEASES"
1805,"2013-01-01","2013-12-31","1756-9966",0.781658,"JOURNAL OF EXPERIMENTAL & CLINICAL CANCER RESEARCH","ONCOLOGY"
2000,"2013-01-01","2013-12-31","1475-925X",0.483276,"Biomedical Engineering Online","SPORTS MEDICINE"
0,"2013-01-01","2013-12-31","0090-0656",0.61996,"FISHERY BULLETIN","ECOLOGY AND EVOLUTION"
0,"2013-01-01","2013-12-31","0016-8076",0.449829,"GEORGE WASHINGTON LAW REVIEW","LAW"
1290,"2013-01-01","2013-12-31","1099-4300",0.547767,"ENTROPY","PHYSICS AND CHEMISTRY"
1932,"2013-01-01","2013-12-31","1424-8220",0.576373,"SENSORS","PHYSICS AND CHEMISTRY"
1933,"2013-01-01","2013-12-31","1420-3049",0.552979,"MOLECULES","FOOD SCIENCE"
0,"2013-01-01","2013-12-31","1788-618X",0.610354,"Express Polymer Letters","PHYSICS AND CHEMISTRY"
2200,"2013-01-01","2013-12-31","1176-9092",0.602417,"Clinical Interventions in Aging","MEDICINE"
1730,"2013-01-01","2013-12-31","1757-1146",0.628956,"Journal of Foot and Ankle Research","SPORTS MEDICINE"
0,"2013-01-01","2013-12-31","1860-5974",0.483825,"Logical Methods in Computer Science","COMPUTER SCIENCE"
1700,"2013-01-01","2013-12-31","1554-9178",0.528287,"Physical Review Special Topics-Physics Education Research","EDUCATION"
1289,"2013-01-01","2013-12-31","1996-1944",0.741746,"Materials","PHYSICS AND CHEMISTRY"
0,"2013-01-01","2013-12-31","1452-8630",0.487276,"APPLICABLE ANALYSIS AND DISCRETE MATHEMATICS","MATHEMATICS"
0,"2013-01-01","2013-12-31","0017-8322",0.388091,"HASTINGS LAW JOURNAL","LAW"
0,"2013-01-01","2013-12-31","1860-5397",0.674246,"Beilstein Journal of Organic Chemistry","PHYSICS AND CHEMISTRY"
0,"2013-01-01","2013-12-31","0037-5330",0.539289,"SILVA FENNICA","ECOLOGY AND EVOLUTION"
0,"2013-01-01","2013-12-31","1081-3810",0.488021,"Electronic Journal of Linear Algebra","MATHEMATICS"
0,"2013-01-01","2013-12-31","1392-5113",0.282211,"SORT-Statistics and Operations Research Transactions","MATHEMATICS"
0,"2013-01-01","2013-12-31","0301-4738",0.266268,"INDIAN JOURNAL OF OPHTHALMOLOGY","OPHTHALMOLOGY"
0,"2013-01-01","2013-12-31","0065-1400",0.512127,"ACTA NEUROBIOLOGIAE EXPERIMENTALIS","NEUROSCIENCE"
1730,"2013-01-01","2013-12-31","1747-597X",0.570207,"Substance Abuse Treatment Prevention and Policy","PSYCHIATRY"
0,"2013-01-01","2013-12-31","0217-2445",0.407152,"RAFFLES BULLETIN OF ZOOLOGY","ECOLOGY AND EVOLUTION"
0,"2013-01-01","2013-12-31","0022-3859",0.340668,"Journal of Postgraduate Medicine","MEDICINE"
0,"2013-01-01","2013-12-31","1488-2159",0.299539,"JOURNAL OF THE CANADIAN DENTAL ASSOCIATION","DENTISTRY"
0,"2013-01-01","2013-12-31","1305-3825",0.357396,"Diagnostic and Interventional Radiology","RADIOLOGY"
1200,"2013-01-01","2013-12-31","0001-527X",0.397867,"ACTA BIOCHIMICA POLONICA","MOLECULAR AND CELL BIOLOGY"
2030,"2013-01-01","2013-12-31","1749-8090",0.36416,"Journal of Cardiothoracic Surgery","MEDICINE"
0,"2013-01-01","2013-12-31","0386-2194",0.518745,"PROCEEDINGS OF THE JAPAN ACADEMY SERIES A-MATHEMATICAL SCIENCES","MATHEMATICS"
1730,"2013-01-01","2013-12-31","1550-2783",0.473246,"JOURNAL OF THE INTERNATIONAL SOCIETY OF SPORTS NUTRITION","SPORTS MEDICINE"
1122,"2013-01-01","2013-12-31","1990-2573",0.316226,"Journal of the European Optical Society-Rapid Publications","PHYSICS AND CHEMISTRY"
1730,"2013-01-01","2013-12-31","1746-1596",0.474456,"Diagnostic Pathology","ONCOLOGY"
0,"2013-01-01","2013-12-31","1735-8787",0.338395,"Banach Journal of Mathematical Analysis","MATHEMATICS"
0,"2013-01-01","2013-12-31","1330-9862",0.301075,"FOOD TECHNOLOGY AND BIOTECHNOLOGY","FOOD SCIENCE"
0,"2013-01-01","2013-12-31","1911-6470",0.568046,"CUAJ-Canadian Urological Association Journal","UROLOGY"
0,"2013-01-01","2013-12-31","1817-1737",0.333181,"ANNALS OF THORACIC MEDICINE","MEDICINE"
0,"2013-01-01","2013-12-31","0017-808X",0.29975,"HARVARD JOURNAL ON LEGISLATION","LAW"
0,"2013-01-01","2013-12-31","0378-6323",0.344806,"Indian Journal of Dermatology Venereology & Leprology","DERMATOLOGY"
661,"2013-01-01","2013-12-31","1452-3981",0.28658,"International Journal of Electrochemical Science","PHYSICS AND CHEMISTRY"
0,"2013-01-01","2013-12-31","0304-4602",0.443701,"ANNALS ACADEMY OF MEDICINE SINGAPORE","MEDICINE"
800,"2013-01-01","2013-12-31","1536-2442",0.409349,"JOURNAL OF INSECT SCIENCE","ECOLOGY AND EVOLUTION"
0,"2013-01-01","2013-12-31","0030-6126",0.59462,"OSAKA JOURNAL OF MATHEMATICS","MATHEMATICS"
0,"2013-01-01","2013-12-31","1020-4989",0.282378,"REVISTA PANAMERICANA DE SALUD PUBLICA-PAN AMERICAN JOURNAL OF PUBLIC HEALTH","MEDICINE"
0,"2013-01-01","2013-12-31","0022-1333",0.329426,"JOURNAL OF GENETICS","MOLECULAR AND CELL BIOLOGY"
1730,"2013-01-01","2013-12-31","1758-5996",0.521541,"Diabetology & Metabolic Syndrome","MEDICINE"
1575,"2013-01-01","2013-12-31","1930-2126",0.316257,"BioResources","WOOD PRODUCTS"
0,"2013-01-01","2013-12-31","1526-9914",0.434177,"Journal of Applied Clinical Medical Physics","RADIOLOGY"
0,"2013-01-01","2013-12-31","0018-2079",0.392224,"Hiroshima Mathematical Journal","MATHEMATICS"
0,"2013-01-01","2013-12-31","0015-704X",0.211242,"FORDHAM LAW REVIEW","LAW"
660,"2013-01-01","2013-12-31","1239-9736",0.320512,"International Journal of Circumpolar Health","MEDICINE"
0,"2013-01-01","2013-12-31","0253-4134",0.308043,"JOURNAL OF CHEMICAL SCIENCES","PHYSICS AND CHEMISTRY"
0,"2013-01-01","2013-12-31","1109-4028",0.4243,"Chemistry Education Research and Practice","EDUCATION"
0,"2013-01-01","2013-12-31","1229-845X",0.359168,"Journal of Veterinary Science","VETERINARY"
0,"2013-01-01","2013-12-31","1417-3875",0.229045,"Electronic Journal of Qualitative Theory of Differential Equations","MATHEMATICS"
750,"2013-01-01","2013-12-31","0918-7960",0.139208,"ANTHROPOLOGICAL SCIENCE","ANTHROPOLOGY"
0,"2013-01-01","2013-12-31","1021-5506",0.293691,"ZOOLOGICAL STUDIES","ECOLOGY AND EVOLUTION"
0,"2013-01-01","2013-12-31","1436-4522",0.390095,"EDUCATIONAL TECHNOLOGY & SOCIETY","EDUCATION"
2200,"2013-01-01","2013-12-31","1178-6930",0.37148,"ONCOTARGETS AND THERAPY","ONCOLOGY"
0,"2013-01-01","2013-12-31","0250-474X",0.168935,"INDIAN JOURNAL OF PHARMACEUTICAL SCIENCES","PHARMACOLOGY"
960,"2013-01-01","2013-12-31","1676-5680",0.213385,"GENETICS AND MOLECULAR RESEARCH","MOLECULAR AND CELL BIOLOGY"
0,"2013-01-01","2013-12-31","0253-4142",0.265526,"PROCEEDINGS OF THE INDIAN ACADEMY OF SCIENCES-MATHEMATICAL SCIENCES","MATHEMATICS"
0,"2013-01-01","2013-12-31","1558-9250",0.252447,"Journal of Engineered Fibers and Fabrics","PHYSICS AND CHEMISTRY"
0,"2013-01-01","2013-12-31","0354-5180",0.208667,"FILOMAT","MATHEMATICS"
1600,"2013-01-01","2013-12-31","1341-1357",0.389699,"EXPERIMENTAL ANIMALS","MOLECULAR AND CELL BIOLOGY"
0,"2013-01-01","2013-12-31","0023-5954",0.340545,"KYBERNETIKA","ROBOTICS"
0,"2013-01-01","2013-12-31","0033-2879",0.408111,"PSYCHOLOGICA BELGICA","PSYCHOLOGY"
0,"2013-01-01","2013-12-31","1607-324X",0.283481,"Condensed Matter Physics","PHYSICS AND CHEMISTRY"
0,"2013-01-01","2013-12-31","0046-1121",0.141458,"ECOLOGY LAW QUARTERLY","LAW"
725,"2013-01-01","2013-12-31","1303-2968",0.344264,"Journal of Sports Science and Medicine","SPORTS MEDICINE"
0,"2013-01-01","2013-12-31","0028-3886",0.329309,"NEUROLOGY INDIA","NEUROSCIENCE"
0,"2013-01-01","2013-12-31","0973-1482",0.251291,"JOURNAL OF CANCER RESEARCH AND THERAPEUTICS","ONCOLOGY"
0,"2013-01-01","2013-12-31","1307-6167",0.244259,"Records of Natural Products","FOOD SCIENCE"
0,"2013-01-01","2013-12-31","0730-2347",0.213568,"TEXAS HEART INSTITUTE JOURNAL","MEDICINE"
0,"2013-01-01","2013-12-31","1931-7603",0.263537,"HERPETOLOGICAL CONSERVATION AND BIOLOGY","ECOLOGY AND EVOLUTION"
0,"2013-01-01","2013-12-31","0236-8722",0.201135,"International Agrophysics","PLANT BIOLOGY"
0,"2013-01-01","2013-12-31","0373-2029",0.295089,"ARCHIVES OF MECHANICS","STRUCTURAL ENGINEERING"
0,"2013-01-01","2013-12-31","0043-0617",0.312885,"WASHINGTON LAW REVIEW","LAW"
0,"2013-01-01","2013-12-31","0365-0588",0.116982,"ACTA BOTANICA CROATICA","ECOLOGY AND EVOLUTION"
0,"2013-01-01","2013-12-31","1729-8806",0.103785,"INTERNATIONAL JOURNAL OF ADVANCED ROBOTIC SYSTEMS","ROBOTICS"
0,"2013-01-01","2013-12-31","0377-4929",0.173041,"INDIAN JOURNAL OF PATHOLOGY AND MICROBIOLOGY","ONCOLOGY"
0,"2013-01-01","2013-12-31","1513-7368",0.20026,"Asian Pacific Journal of Cancer Prevention","ONCOLOGY"
0,"2013-01-01","2013-12-31","0375-8427",0.220731,"VETERINARNI MEDICINA","VETERINARY"
0,"2013-01-01","2013-12-31","1823-6138",0.0882308,"NEUROLOGY ASIA","NEUROSCIENCE"
0,"2013-01-01","2013-12-31","0972-2327",0.147895,"ANNALS OF INDIAN ACADEMY OF NEUROLOGY","NEUROSCIENCE"
1265,"2013-01-01","2013-12-31","0386-300X",0.223857,"ACTA MEDICA OKAYAMA","MOLECULAR AND CELL BIOLOGY"
0,"2013-01-01","2013-12-31","1864-1385",0.468478,"INTERNATIONAL JOURNAL OF CONFLICT AND VIOLENCE","PSYCHOLOGY"
0,"2013-01-01","2013-12-31","1280-9551",0.246908,"ZOOSYSTEMA","ECOLOGY AND EVOLUTION"
0,"2013-01-01","2013-12-31","1335-8871",0.140655,"MEASUREMENT SCIENCE REVIEW","CIRCUITS"
0,"2013-01-01","2013-12-31","0256-4947",0.248294,"ANNALS OF SAUDI MEDICINE","MEDICINE"
1071,"2013-01-01","2013-12-31","2072-6643",0.925826,"Nutrients","MEDICINE"
0,"2013-01-01","2013-12-31","1214-1178",0.293165,"PLANT SOIL AND ENVIRONMENT","PLANT BIOLOGY"
250,"2013-01-01","2013-12-31","0185-3880",0.239107,"CIENCIAS MARINAS","ECOLOGY AND EVOLUTION"
225,"2013-01-01","2013-12-31","1217-8837",0.15809,"ACTA ZOOLOGICA ACADEMIAE SCIENTIARUM HUNGARICAE","ECOLOGY AND EVOLUTION"
771,"2013-01-01","2013-12-31","1210-2512",0.177204,"Radioengineering","CIRCUITS"
0,"2013-01-01","2013-12-31","0239-7528",0.257246,"Bulletin of the Polish Academy of Sciences-Technical Sciences","ROBOTICS"
0,"2013-01-01","2013-12-31","0972-5849",0.144201,"INDIAN JOURNAL OF BIOTECHNOLOGY","PLANT BIOLOGY"
0,"2013-01-01","2013-12-31","0103-9733",0.23018,"BRAZILIAN JOURNAL OF PHYSICS","PHYSICS AND CHEMISTRY"
210,"2013-01-01","2013-12-31","1584-8663",0.205127,"Chalcogenide Letters","PHYSICS AND CHEMISTRY"
0,"2013-01-01","2013-12-31","0023-9356",0.206679,"BUFFALO LAW REVIEW","LAW"
0,"2013-01-01","2013-12-31","1433-5158",0.120844,"HYLE","PHYSICS AND CHEMISTRY"
0,"2013-01-01","2013-12-31","1212-1819",0.211961,"CZECH JOURNAL OF ANIMAL SCIENCE","VETERINARY"
660,"2013-01-01","2013-12-31","1790-045X",0.256002,"Journal of Biological Research-Thessaloniki","ECOLOGY AND EVOLUTION"
0,"2013-01-01","2013-12-31","1961-9502",0.188631,"Knowledge and Management of Aquatic Ecosystems","ECOLOGY AND EVOLUTION"
0,"2013-01-01","2013-12-31","1880-0688",0.185082,"Journal of Laser Micro Nanoengineering","PHYSICS AND CHEMISTRY"
0,"2013-01-01","2013-12-31","0354-9836",0.168179,"Thermal Science","ENERGY"
0,"2013-01-01","2013-12-31","1303-2712",0.163455,"TURKISH JOURNAL OF FISHERIES AND AQUATIC SCIENCES","ECOLOGY AND EVOLUTION"
0,"2013-01-01","2013-12-31","0376-4710",0.138543,"INDIAN JOURNAL OF CHEMISTRY SECTION A-INORGANIC BIO-INORGANIC PHYSICAL THEORETIC","PHYSICS AND CHEMISTRY"
0,"2013-01-01","2013-12-31","1641-1307",0.139074,"Dendrobiology","ECOLOGY AND EVOLUTION"
0,"2013-01-01","2013-12-31","1212-1800",0.200418,"CZECH JOURNAL OF FOOD SCIENCES","FOOD SCIENCE"
0,"2013-01-01","2013-12-31","1300-2163",0.162483,"Turk Psikiyatri Dergisi","PSYCHIATRY"
0,"2013-01-01","2013-12-31","1618-7229",0.0943086,"E-POLYMERS","PHYSICS AND CHEMISTRY"
1080,"2013-01-01","2013-12-31","1349-2543",0.118582,"IEICE Electronics Express","CIRCUITS"
0,"2013-01-01","2013-12-31","1280-8571",0.199221,"ADANSONIA","ECOLOGY AND EVOLUTION"
0,"2013-01-01","2013-12-31","1028-2092",0.0445918,"Bangladesh Journal of Plant Taxonomy","ECOLOGY AND EVOLUTION"
0,"2013-01-01","2013-12-31","1027-5193",0.354226,"European Integration Online Papers-EIOP","POLITICAL SCIENCE"
0,"2013-01-01","2013-12-31","1026-2881",0.239636,"PACHYDERM","ECOLOGY AND EVOLUTION"
1188,"2013-01-01","2013-12-31","1230-3666",0.109729,"FIBRES & TEXTILES IN EASTERN EUROPE","PHYSICS AND CHEMISTRY"
0,"2013-01-01","2013-12-31","0019-5413",0.196953,"INDIAN JOURNAL OF ORTHOPAEDICS","ORTHOPEDICS"
0,"2013-01-01","2013-12-31","0015-1920",0.137869,"FINANCE A UVER-CZECH JOURNAL OF ECONOMICS AND FINANCE","ECONOMICS"
0,"2013-01-01","2013-12-31","1175-8708",0.173056,"English Teaching-Practice and Critique","EDUCATION"
0,"2013-01-01","2013-12-31","1735-0328",0.089817,"Iranian Journal of Pharmaceutical Research","FOOD SCIENCE"
0,"2013-01-01","2013-12-31","1405-3195",0.0347751,"AGROCIENCIA","PLANT BIOLOGY"
800,"2013-01-01","2013-12-31","0556-3321",0.123447,"PAKISTAN JOURNAL OF BOTANY","PLANT BIOLOGY"
0,"2013-01-01","2013-12-31","1221-146X",0.124739,"Romanian Journal of Physics","HIGH ENERGY PHYSICS"
0,"2013-01-01","2013-12-31","1133-455X",0.110223,"Revista de Economia Aplicada","ECONOMICS"
0,"2013-01-01","2013-12-31","1021-2019",0.0841806,"Journal of the South African Institution of Civil Engineering","STRUCTURAL ENGINEERING"
0,"2013-01-01","2013-12-31","1330-0962",0.255216,"Biochemia Medica","MEDICINE"
0,"2013-01-01","2013-12-31","0717-7917",0.107704,"Boletin Latinoamericano y del Caribe de Plantas Medicinales y Aromaticas","FOOD SCIENCE"
0,"2013-01-01","2013-12-31","0017-0011",0.0651343,"GINEKOLOGIA POLSKA","MEDICINE"
0,"2013-01-01","2013-12-31","1678-9199",0.103224,"JOURNAL OF VENOMOUS ANIMALS AND TOXINS INCLUDING TROPICAL DISEASES","INFECTIOUS DISEASES"
0,"2013-01-01","2013-12-31","0350-820X",0.179129,"SCIENCE OF SINTERING","PHYSICS AND CHEMISTRY"
0,"2013-01-01","2013-12-31","1733-3490",0.08264,"ARCHIVES OF METALLURGY AND MATERIALS","PHYSICS AND CHEMISTRY"
0,"2013-01-01","2013-12-31","0970-9371",0.0904238,"JOURNAL OF CYTOLOGY","ONCOLOGY"
0,"2013-01-01","2013-12-31","0250-4685",0.0515724,"Turkish Journal of Biochemistry-Turk Biyokimya Dergisi","MOLECULAR AND CELL BIOLOGY"
3125,"2013-01-01","2013-12-31","0915-5287",0.0466227,"Journal of Physical Therapy Science","SPORTS MEDICINE"
0,"2013-01-01","2013-12-31","1000-324X",0.0789683,"JOURNAL OF INORGANIC MATERIALS","PHYSICS AND CHEMISTRY"
66,"2013-01-01","2013-12-31","1224-5984",0.0805352,"Romanian Biotechnological Letters","FOOD SCIENCE"
0,"2013-01-01","2013-12-31","0185-1667",0.0785093,"Investigacion Economica","ECONOMICS"
