"journal_id","journal_name","category","max_aidate","article_influence","max_apcdate","price","license"
"0001-527X","Acta Biochimica Polonica","MOLECULAR AND CELL BIOLOGY",2014-12-31,0.337018,2013-01-01,1200,NA
"0003-0090","Bulletin of the American Museum of Natural History","ECOLOGY AND EVOLUTION",2014-12-31,2.06144,2013-01-01,0,NA
"0003-5521","L'anthropologie","Anthropology",2014-12-31,0.218984,2017-05-22,3000,NA
"0005-1098","Automatica","ROBOTICS",2014-12-31,1.75128,2017-05-22,3100,NA
"0008-6223","Carbon","Physics and Chemistry",2014-12-31,1.46253,2016-08-11,3500,NA
"0010-0277","Cognition","PSYCHOLOGY",2014-12-31,1.97431,2017-05-22,2150,NA
"0010-7824","Contraception","Medicine",2014-12-31,0.919335,2016-08-11,3000,NA
"0010-9452","Cortex","Neuroscience",2014-12-31,1.62279,2016-08-11,2600,NA
"0011-2240","Cryobiology","Veterinary",2014-12-31,0.461948,2016-08-11,2200,NA
"0011-2275","Cryogenics","Physics and Chemistry",2014-12-31,0.27925,2016-08-11,2200,NA
"0011-5029","Disease-A-Month","Medicine",2014-12-31,0.259422,2016-08-11,2000,NA
"0011-9164","Desalination",NA,2014-12-31,0.795743,2016-08-11,3600,NA
"0012-3692","Chest","Medicine",2014-12-31,2.39652,2016-08-11,3000,NA
"0015-1920","Finance a Uver-Czech Journal of Economics and Finance","Economics",2014-12-31,0.129523,2013-01-01,0,NA
"0015-704X","Fordham Law Review","Law",2014-12-31,0.421405,2013-01-01,0,NA
"0016-2361","Fuel",NA,2014-12-31,0.921937,2016-08-11,3600,NA
"0016-3287","Futures",NA,2014-12-31,0.387727,2016-08-11,1100,NA
"0016-5085","Gastroenterology","Gastroenterology",2014-12-31,5.13209,2016-08-11,3000,NA
"0016-6995","Geobios",NA,2014-12-31,0.46442,2016-08-11,3000,NA
"0016-7061","Geoderma","Plant Biology",2014-12-31,0.931531,2016-08-11,3000,NA
"0016-7169","Geofisica Internacional","",2014-12-31,0.218124,2013-01-01,0,NA
"0016-7185","Geoforum",NA,2014-12-31,0.980155,2016-08-11,1800,NA
"0016-8076","George Washington Law Review","Law",2014-12-31,0.4585,2013-01-01,0,NA
"0016-8092","Georgetown Law Journal","Law",2014-12-31,1.31665,2013-01-01,0,NA
"0017-0011","Ginekologia Polska","",2014-12-31,0.0776013,2017-05-14,449,NA
"0017-808X","Harvard Journal on Legislation","Law",2014-12-31,0.303401,2013-01-01,0,NA
"0017-8322","Hastings Law Journal","Law",2014-12-31,0.400988,2013-01-01,0,NA
"0018-2079","Hiroshima Mathematical Journal","",2014-12-31,0.368371,2013-01-01,0,NA
"0019-1035","Icarus",NA,2014-12-31,1.43829,2016-08-11,2750,NA
"0019-5413","Indian Journal of Orthopaedics","",2015-12-31,0.247,2017-05-14,0,NA
"0020-1383","Injury","Orthopedics",2014-12-31,0.72781,2016-08-11,2500,NA
"0021-9150","Atherosclerosis","MEDICINE",2014-12-31,1.16665,2017-05-22,3000,NA
"0022-1333","Journal of Genetics","Molecular and Cell Biology",2015-12-31,0.278,2013-01-01,0,NA
"0022-3859","Journal of Postgraduate Medicine","Medicine",2015-12-31,0.286,2013-01-01,0,NA
"0023-5954","Kybernetika","Robotics",2015-12-31,0.273,2013-01-01,0,NA
"0023-9356","Buffalo Law Review","LAW",2014-12-31,0.197071,2013-01-01,0,NA
"0024-3841","Lingua","Linguistics",2014-12-31,0.561882,2016-08-11,1800,NA
"0024-4937","Lithos",NA,2014-12-31,1.50834,2016-08-11,3000,NA
"0025-7273","Medical History","History and Philosophy of Science",2014-12-31,0.328371,2012-01-01,0,NA
"0026-0495","Metabolism","Medicine",2014-12-31,0.830593,2016-08-11,2500,NA
"0026-1165","Journal of the Meteorological Society of Japan",NA,2015-12-31,0.945,2013-01-01,795,NA
"0028-3770","Neurochirurgie","Neuroscience",2014-12-31,0.102133,2016-08-11,3000,NA
"0028-3886","Neurology India","Neuroscience",2015-12-31,0.332,2013-01-01,0,NA
"0028-3908","Neuropharmacology","Neuroscience",2014-12-31,1.45417,2016-08-11,2600,NA
"0028-3932","Neuropsychologia","Neuroscience",2014-12-31,1.42597,2016-08-11,2150,NA
"0029-3571","Northwestern University Law Review","Law",2014-12-31,0.730282,2013-01-01,0,NA
"0030-6126","Osaka Journal of Mathematics","Mathematics",2014-12-31,0.69734,2013-01-01,0,NA
"0031-3025","Pathology","Oncology",2014-12-31,0.695785,2016-08-11,2500,NA
"0031-9406","Physiotherapy","Sports Medicine",2014-12-31,0.619721,2016-08-11,2500,NA
"0031-9422","Phytochemistry","Food Science",2014-12-31,0.851686,2016-08-11,3300,NA
"0032-3861","Polymer","Physics and Chemistry",2014-12-31,0.842096,2016-08-11,3000,NA
"0033-2879","Psychologica Belgica","Psychology",2015-12-31,0.473,2013-01-01,0,NA
"0033-3182","Psychosomatics","Psychiatry",2014-12-31,0.775832,2016-08-11,3000,NA
"0034-7744","Revista De Biologia Tropical","Science",2015-12-31,0.166,2016-11-11,0,NA
"0037-5330","Silva Fennica","Ecology and Evolution",2014-12-31,0.485985,2013-01-01,0,NA
"0037-5675","Singapore Medical Journal","",2014-12-31,0.20706,2012-01-01,0,NA
"0038-3910","Southern California Law Review","Law",2014-12-31,0.61748,2013-01-01,0,NA
"0039-128X","Steroids","Molecular and Cell Biology",2014-12-31,0.670208,2016-08-11,3000,NA
"0039-6060","Surgery","Gastroenterology",2014-12-31,1.29127,2016-08-11,3000,NA
"0039-9140","Talanta",NA,2014-12-31,0.757193,2016-08-11,2600,NA
"0040-1951","Tectonophysics",NA,2014-12-31,1.18214,2016-08-11,2800,NA
"0040-4020","Tetrahedron","Physics and Chemistry",2014-12-31,0.575353,2016-08-11,2150,NA
"0041-0101","Toxicon","Molecular and Cell Biology",2014-12-31,0.609574,2016-08-11,3300,NA
"0041-624X","Ultrasonics","Radiology",2014-12-31,0.611229,2016-08-11,2600,NA
"0042-207X","Vacuum","Physics and Chemistry",2014-12-31,0.380649,2016-08-11,2200,NA
"0042-6822","Virology","Molecular and Cell Biology",2014-12-31,1.03928,2016-08-11,2150,NA
"0042-9686","Bulletin of the World Health Organization","MEDICINE",2014-12-31,2.45466,2017-05-22,0,NA
"0043-0617","Washington Law Review","Law",2014-12-31,0.33672,2013-01-01,0,NA
"0043-1648","Wear","Physics and Chemistry",2014-12-31,0.600807,2016-08-11,3000,NA
"0043-650X","Wisconsin Law Review","Law",2014-12-31,0.522793,2012-01-01,0,NA
"0044-8486","Aquaculture","ECOLOGY AND EVOLUTION",2014-12-31,0.585827,2017-05-22,3600,NA
"0045-6535","Chemosphere","nan",2014-12-31,0.936362,2017-05-22,3200,NA
"0046-1121","Ecology Law Quarterly","LAW",2014-12-31,0.206576,2013-01-01,0,NA
"0065-1400","Acta Neurobiologiae Experimentalis","NEUROSCIENCE",2015-12-31,0.506,2013-01-01,0,NA
"0067-3064","Baltica","nan",2014-12-31,0.148431,2012-01-01,0,NA
"0075-9511","Limnologica","Ecology and Evolution",2014-12-31,0.529878,2016-08-11,1500,NA
"0078-3234","Oceanologia",NA,2015-12-31,0.358,2016-08-11,0,NA
"0090-0656","Fishery Bulletin","Ecology and Evolution",2014-12-31,0.697798,2013-01-01,0,NA
"0090-4295","Urology","Urology",2014-12-31,0.668528,2016-08-11,3000,NA
"0091-6765","Environmental Health Perspectives","Environmental Health",2015-12-31,2.739,2013-01-01,0,NA
"0092-8674","Cell","MOLECULAR AND CELL BIOLOGY",2014-12-31,19.3606,2017-05-22,5000,NA
"0093-691X","Theriogenology","Veterinary",2014-12-31,0.518744,2016-08-11,2500,NA
"0100-8455","Genetics and Molecular Biology",NA,1999-12-31,0.072271,2013-01-01,0,NA
"0103-9733","Brazilian Journal of Physics","PHYSICS AND CHEMISTRY",2014-12-31,0.242883,2017-05-22,3000,NA
"0137-5075","Archives of Acoustics","nan",2014-12-31,0.113359,2012-01-01,0,NA
"0141-9382","Displays","PHYSICS AND CHEMISTRY",2014-12-31,0.240571,2017-05-22,2400,NA
"0142-9612","Biomaterials","PHYSICS AND CHEMISTRY",2014-12-31,2.00533,2017-05-22,3500,NA
"0143-4004","Placenta","Medicine",2014-12-31,0.865034,2016-08-11,3300,NA
"0143-4179","Neuropeptides","Neuroscience",2014-12-31,0.566596,2016-08-11,1700,NA
"0146-4833","Computer Communication Review","nan",2014-12-31,1.43632,2013-01-01,0,NA
"0147-619X","Plasmid","Molecular and Cell Biology",2014-12-31,0.542881,2016-08-11,3000,NA
"0147-958X","Clinical and Investigative Medicine","MEDICINE",2014-12-31,0.387068,2012-01-01,0,NA
"0160-2896","Intelligence","Psychology",2014-12-31,1.19248,2016-08-11,2150,NA
"0160-9327","Endeavour","History and Philosophy of Science",2014-12-31,0.119731,2016-08-11,750,NA
"0161-6420","Ophthalmology","Ophthalmology",2014-12-31,1.85087,2016-08-11,3000,NA
"0161-813X","Neurotoxicology","Environmental Health",2014-12-31,0.794857,2016-08-11,3300,NA
"0163-3864","Journal of Natural Products","Food Science",2014-12-31,0.784061,2012-01-01,0,NA
"0163-5808","Sigmod Record",NA,2014-12-31,0.584666,2013-01-01,0,NA
"0166-4972","Technovation","Marketing",2014-12-31,0.880267,2016-08-11,1800,NA
"0169-555X","Geomorphology",NA,2014-12-31,0.953163,2016-08-11,3300,NA
"0171-2985","Immunobiology","Molecular and Cell Biology",2014-12-31,0.945017,2016-08-11,2050,NA
"0185-1101","Revista Mexicana De Astronomia Y Astrofisica","Astronomy and Astrophysics",2015-12-31,0.874,2013-01-01,0,NA
"0185-1667","Investigacion Economica","Economics",2014-12-31,0.0684903,2016-08-11,0,NA
"0185-3325","Salud Mental","Psychiatry",2014-12-31,0.0662057,2012-01-01,0,NA
"0185-3880","Ciencias Marinas","ECOLOGY AND EVOLUTION",2015-12-31,0.254,2013-01-01,250,NA
"0187-6236","Atmosfera","nan",2014-12-31,0.261848,2017-05-22,0,NA
"0195-6663","Appetite","MEDICINE",2014-12-31,0.879309,2017-05-22,2800,NA
"0196-9781","Peptides","Molecular and Cell Biology",2014-12-31,0.591636,2016-08-11,3000,NA
"0213-6163","European Journal of Psychiatry","Psychiatry",2015-12-31,0.193,2012-01-01,0,NA
"0217-2445","Raffles Bulletin of Zoology","Ecology and Evolution",2014-12-31,0.344769,2013-01-01,0,NA
"0236-8722","International Agrophysics","",2015-12-31,0.273,2017-05-14,447,NA
"0239-7528","Bulletin of the Polish Academy of Sciences-Technical Sciences","ROBOTICS",2015-12-31,0.169,2017-05-14,338,NA
"0250-4685","Turkish Journal of Biochemistry-Turk Biyokimya Dergisi","",2014-12-31,0.0557405,2013-01-01,0,NA
"0250-474X","Indian Journal of Pharmaceutical Sciences","",2014-12-31,0.174893,2013-01-01,0,NA
"0251-7493","Austrian Journal of Earth Sciences","",2010-12-31,0.370643,2017-05-14,0,NA
"0253-4134","Journal of Chemical Sciences","Physics and Chemistry",2014-12-31,0.301,2013-01-01,0,NA
"0253-4142","Proceedings of the Indian Academy of Sciences-Mathematical Sciences","Mathematics",2015-12-31,0.25,2013-01-01,0,NA
"0253-7613","Indian Journal of Pharmacology","",2015-12-31,0.188,2017-05-14,0,NA
"0255-0857","Indian Journal of Medical Microbiology","",2015-12-31,0.298,2017-05-14,150,NA
"0256-4947","Annals of Saudi Medicine","MEDICINE",2014-12-31,0.225965,2013-01-01,0,NA
"0263-2241","Measurement","Operations Research",2014-12-31,0.341005,2016-08-11,2600,NA
"0264-2751","Cities","nan",2014-12-31,0.582509,2017-05-22,1100,NA
"0264-410X","Vaccine","Infectious Diseases",2014-12-31,0.940688,2016-08-11,2150,NA
"0266-6138","Midwifery","Medicine",2014-12-31,0.440016,2016-08-11,3000,NA
"0277-5387","Polyhedron","Physics and Chemistry",2014-12-31,0.329997,2016-08-11,2600,NA
"0300-483X","Toxicology","Environmental Health",2014-12-31,0.923279,2016-08-11,2600,NA
"0300-9084","Biochimie","MOLECULAR AND CELL BIOLOGY",2014-12-31,0.888138,2017-05-22,2400,NA
"0300-9572","Resuscitation","Medicine",2014-12-31,1.10081,2016-08-11,3000,NA
"0301-4681","Differentiation","MOLECULAR AND CELL BIOLOGY",2014-12-31,1.04725,2017-05-22,3000,NA
"0301-4738","Indian Journal of Ophthalmology","",2015-12-31,0.279,2017-05-14,0,NA
"0303-2647","BioSystems","MOLECULAR AND CELL BIOLOGY",2014-12-31,0.501924,2017-05-22,1800,NA
"0304-386X","Hydrometallurgy",NA,2014-12-31,0.595196,2016-08-11,3300,NA
"0304-3991","Ultramicroscopy","Physics and Chemistry",2014-12-31,0.934769,2016-08-11,2600,NA
"0304-422X","Poetics","",2014-12-31,1.01602,2017-05-14,1800,NA
"0304-4602","Annals Academy of Medicine Singapore","MEDICINE",2014-12-31,0.421268,2013-01-01,0,NA
"0305-0483","Omega","Operations Research",2014-12-31,1.23972,2016-08-11,1800,NA
"0305-4179","Burns","PLASTIC SURGERY",2014-12-31,0.486775,2017-05-22,3000,NA
"0306-4522","Neuroscience","Neuroscience",2014-12-31,1.05494,2016-08-11,2200,NA
"0306-4530","Psychoneuroendocrinology","Neuroscience",2014-12-31,1.68632,2016-08-11,3000,NA
"0341-8162","Catena","nan",2014-12-31,0.827389,2017-05-22,2500,NA
"0346-251X","System","",2014-12-31,0.402564,2017-05-14,1800,NA
"0350-820X","Science of Sintering","Physics and Chemistry",2015-12-31,0.134,2013-01-01,0,NA
"0352-9568","Chemical and Biochemical Engineering Quarterly","nan",2015-12-31,0.205,2017-05-22,0,NA
"0354-5180","Filomat","",2014-12-31,0.263628,2017-05-14,0,NA
"0354-9836","Thermal Science","",2015-12-31,0.147,2017-05-14,169,NA
"0360-5442","Energy","Energy",2014-12-31,0.923357,2016-08-11,2950,NA
"0360-7275","Chemical Engineering Progress","nan",2014-12-31,0.12186,2012-01-01,0,NA
"0364-5916","Calphad","PHYSICS AND CHEMISTRY",2014-12-31,0.597594,2017-05-22,2500,NA
"0365-0588","Acta Botanica Croatica","ECOLOGY AND EVOLUTION",2015-12-31,0.181,2017-05-14,0,NA
"0367-2530","Flora","Ecology and Evolution",2014-12-31,0.470402,2016-08-11,1500,NA
"0367-326X","Fitoterapia","Food Science",2014-12-31,0.531185,2016-08-11,1800,NA
"0367-5211","Bulletin of the Geological Society of Finland","nan",2015-12-31,0.327,2017-05-14,0,NA
"0373-2029","Archives of Mechanics","STRUCTURAL ENGINEERING",2014-12-31,0.279676,2013-01-01,0,NA
"0375-6505","Geothermics","Energy",2014-12-31,0.864604,2016-08-11,2650,NA
"0375-8427","Veterinarni Medicina","Veterinary",2015-12-31,0.217,2013-01-01,0,NA
"0376-4710","Indian Journal of Chemistry Section A-Inorganic Bio-Inorganic Physical Theoretic","Physics and Chemistry",2014-12-31,0.162286,2013-01-01,0,NA
"0377-2063","Iete Journal of Research",NA,2014-12-31,0.0567869,2012-01-01,0,NA
"0377-4929","Indian Journal of Pathology and Microbiology","",2015-12-31,0.161,2017-05-14,200,NA
"0378-1119","Gene","Molecular and Cell Biology",2014-12-31,0.612949,2016-08-11,3300,NA
"0378-5122","Maturitas","Medicine",2014-12-31,0.833543,2016-08-11,3000,NA
"0378-6323","Indian Journal of Dermatology Venereology & Leprology","",2015-12-31,0.495,2017-05-14,0,NA
"0386-2194","Proceedings of the Japan Academy Series A-Mathematical Sciences","Mathematics",2014-12-31,0.428846,2013-01-01,0,NA
"0386-300X","Acta Medica Okayama","MOLECULAR AND CELL BIOLOGY",2015-12-31,0.23,2013-01-01,1265,NA
"0556-3321","Pakistan Journal of Botany","Plant Biology",2014-12-31,0.130304,2013-01-01,800,NA
"0717-3458","Electronic Journal of Biotechnology","nan",2015-12-31,0.27,2017-05-22,1000,NA
"0717-7917","Boletin Latinoamericano Y Del Caribe De Plantas Medicinales Y Aromaticas","FOOD SCIENCE",2014-12-31,0.0713044,2013-01-01,0,NA
"0717-9502","International Journal of Morphology","",2014-12-31,0.0589369,2017-05-14,4500,NA
"0718-560X","Latin American Journal of Aquatic Research","Agriculture",2015-12-31,0.204,2010-07-15,300,NA
"0718-7092","Andean Geology","nan",2014-12-31,0.522266,2017-05-22,0,NA
"0718-7106","Andean Geology","Science",2015-12-31,0.673,2016-10-28,0,NA
"0730-2347","Texas Heart Institute Journal","Medicine",2014-12-31,0.25996,2013-01-01,0,NA
"0741-8329","Alcohol","NEUROSCIENCE",2014-12-31,0.595231,2017-05-22,2500,NA
"0742-3225","Family Medicine","Medicine",2014-12-31,0.56412,2013-01-01,0,NA
"0747-9964","Journal of Engineering Technology","Physics and Chemistry",2014-12-31,0.225113,2012-01-01,0,NA
"0748-7711","Journal of Rehabilitation Research and Development","Sports Medicine",2014-12-31,0.742352,2013-01-01,0,NA
"0860-8229","Metrology and Measurement Systems","",2015-12-31,0.219,2017-05-14,0,NA
"0888-7543","Genomics","Molecular and Cell Biology",2014-12-31,1.02436,2016-08-11,2150,NA
"0896-5803","Journal of Real Estate Research",NA,2013-12-31,0.604761,2013-01-01,0,NA
"0896-6273","Neuron","Neuroscience",2014-12-31,8.68221,2016-08-11,5000,NA
"0899-9007","Nutrition","Medicine",2014-12-31,0.756757,2016-08-11,2500,NA
"0915-5287","Journal of Physical Therapy Science","",2014-12-31,0.0474203,2017-05-14,90,NA
"0918-7960","Anthropological Science","ANTHROPOLOGY",2014-12-31,0.317534,2013-01-01,750,NA
"0925-2312","Neurocomputing",NA,2014-12-31,0.514374,2016-08-11,2400,NA
"0944-2006","Zoology","Ecology and Evolution",2014-12-31,0.629762,2016-08-11,1800,NA
"0944-7113","Phytomedicine","Food Science",2014-12-31,0.701661,2016-08-11,2500,NA
"0948-5023","Journal of Molecular Modeling",NA,2004-12-31,0.63903,2016-08-11,3000,NA
"0957-4158","Mechatronics","Robotics",2014-12-31,0.639497,2016-08-11,2400,NA
"0966-9795","Intermetallics","Physics and Chemistry",2014-12-31,0.672996,2016-08-11,1000,NA
"0968-4328","Micron","Physics and Chemistry",2014-12-31,0.549258,2016-08-11,2200,NA
"0969-2126","Structure","Molecular and Cell Biology",2014-12-31,3.17004,2016-08-11,5000,NA
"0970-9371","Journal of Cytology","",2015-12-31,0.118,2017-05-14,0,NA
"0970-938X","Biomedical Research",NA,2014-12-31,0.0481363,2017-05-14,2250,NA
"0971-5916","Indian Journal of Medical Research","Medicine",2015-12-31,0.549,2013-01-01,0,NA
"0971-8966","Himalayan Geology","",2014-12-31,0.078419,2012-01-01,0,NA
"0972-2327","Annals of Indian Academy of Neurology","NEUROSCIENCE",2015-12-31,0.224,2017-05-14,0,NA
"0972-3757","International Journal of Human Genetics","",2014-12-31,0.0626614,2012-01-01,75,NA
"0972-5849","Indian Journal of Biotechnology","",2014-12-31,0.144575,2017-05-14,0,NA
"0972-9062","Journal of Vector Borne Diseases","",2015-12-31,0.289,2017-05-14,0,NA
"0973-1482","Journal of Cancer Research and Therapeutics","",2015-12-31,0.181,2017-05-14,100,NA
"1000-324X","Journal of Inorganic Materials","Physics and Chemistry",2014-12-31,0.0760542,2013-01-01,0,NA
"1001-9014","Journal of Infrared and Millimeter Waves","Physics and Chemistry",2015-12-31,0.048,2012-01-01,0,NA
"1002-0160","Pedosphere","Plant Biology",2014-12-31,0.50875,2016-08-11,3000,NA
"1020-4989","Revista Panamericana De Salud Publica-Pan American Journal of Public Health","Medicine",2014-12-31,0.306821,2013-01-01,0,NA
"1021-2019","Journal of the South African Institution of Civil Engineering","",2014-12-31,0.11891,2013-01-01,0,NA
"1021-5506","Zoological Studies","Ecology and Evolution",2014-12-31,0.274849,2013-01-01,0,NA
"1026-2881","Pachyderm","",2014-12-31,0.134451,2013-01-01,0,NA
"1027-5193","European Integration Online Papers-Eiop","",2014-12-31,0.347333,2013-01-01,0,NA
"1028-2092","Bangladesh Journal of Plant Taxonomy","ECOLOGY AND EVOLUTION",2015-12-31,0.08,2017-05-22,0,NA
"1029-242X","Journal of Inequalities and Applications","Science",2015-12-31,0.223,2016-08-11,1140,NA
"1029-8479","Journal of High Energy Physics","Science",2015-12-31,1.329,2016-12-07,0,NA
"1042-8275","Oceanography","",2014-12-31,1.84523,2017-05-14,500,NA
"1043-4666","Cytokine","MOLECULAR AND CELL BIOLOGY",2014-12-31,0.76376,2017-05-22,3300,NA
"1044-677X","Journal of Research of the National Institute of Standards and Technology",NA,2015-12-31,0.378,2013-01-01,0,NA
"1045-1056","Biologicals","INFECTIOUS DISEASES",2014-12-31,0.419397,2017-05-22,3000,NA
"1046-2023","Methods","Molecular and Cell Biology",2014-12-31,1.51599,2016-08-11,3300,NA
"1053-8119","Neuroimage","Neuroscience",2014-12-31,2.25668,2016-08-11,2600,NA
"1062-6050","Journal of Athletic Training","Sports Medicine",2014-12-31,0.7722,2013-01-01,0,NA
"1068-9613","Electronic Transactions on Numerical Analysis","Mathematics",2014-12-31,0.940276,2013-01-01,0,NA
"1074-7613","Immunity","Molecular and Cell Biology",2014-12-31,11.6603,2016-08-11,5000,NA
"1075-9964","Anaerobe","INFECTIOUS DISEASES",2014-12-31,0.698909,2017-05-22,1750,NA
"1077-8926","Electronic Journal of Combinatorics","COMPUTER SCIENCE",2015-12-31,0.671,2017-05-22,0,NA
"1079-6762","Electronic Research Announcements in Mathematical Sciences",NA,2007-12-31,0.93346,2013-01-01,0,NA
"1080-6040","Emerging Infectious Diseases","Infectious Diseases",2015-12-31,3.055,2013-01-01,0,NA
"1081-3810","Electronic Journal of Linear Algebra","MATHEMATICS",2014-12-31,0.421715,2013-01-01,0,NA
"1083-589X","Electronic Communications in Probability","MATHEMATICS",2014-12-31,0.879654,2017-05-22,0,NA
"1083-6489","Electronic Journal of Probability","MATHEMATICS",2014-12-31,1.38098,2017-05-22,0,NA
"1087-2981","Medical Education Online","Education",2015-12-31,0.476,2003-09-24,1500,NA
"1088-9485","Bulletin of the American Mathematical Society",NA,2004-12-31,5.3688,2013-01-01,0,NA
"1090-0535","Molecular Vision","Ophthalmology",2014-12-31,0.569164,2013-01-01,0,NA
"1090-6924","Journal of Cave and Karst Studies",NA,2014-12-31,0.483275,2013-01-01,0,NA
"1092-0684","Neurosurgical Focus","",2014-12-31,0.969123,2017-05-14,0,NA
"1094-3501","Language Learning & Technology","Education",2015-12-31,0.722,2013-01-01,0,NA
"1094-4087","Optics Express","Physics and Chemistry",2014-12-31,1.05225,2013-01-01,1745,NA
"1094-8074","Palaeontologia Electronica","",2014-12-31,0.69329,2017-05-14,0,NA
"1098-4402","Physical Review Special Topics-Accelerators and Beams","Science",2015-12-31,0.614,2013-01-01,0,NA
"1099-4300","Entropy","",2015-12-31,0.529,2017-05-14,1629,NA
"1109-4028","Chemistry Education Research and Practice","EDUCATION",2014-12-31,0.424837,2017-05-22,2043.52,NA
"1125-7865","Dendrochronologia","nan",2014-12-31,0.607676,2017-05-22,1500,NA
"1133-455X","Revista De Economia Aplicada","Economics",2014-12-31,0.0800477,2013-01-01,0,NA
"1175-8708","English Teaching-Practice and Critique","",2014-12-31,0.156242,2017-05-14,0,NA
"1176-6328","Neuropsychiatric Disease and Treatment","",2014-12-31,0.452391,2017-05-14,2310,NA
"1176-9092","Clinical Interventions in Aging","",2014-12-31,0.573987,2017-05-14,2310,NA
"1176-9343","Evolutionary Bioinformatics","",2015-12-31,0.55,2017-05-14,1848,NA
"1177-8881","Drug Design Development and Therapy","MEDICINE",2015-12-31,0.672,2017-05-14,2310,NA
"1177-889X","Patient Preference and Adherence","",2015-12-31,0.558,2017-05-14,2310,NA
"1178-1998","Clinical Interventions in Aging","Medicine",2015-12-31,0.724,2009-06-05,2310,NA
"1178-2005","International Journal of Chronic Obstructive Pulmonary Disease","Medicine",2015-12-31,0.792,2009-06-05,2310,NA
"1178-2013","International Journal of Nanomedicine","Medicine",2015-12-31,0.939,2013-01-01,2200,NA
"1178-6930","OncoTargets and Therapy","",2015-12-31,0.374,2017-05-14,2310,NA
"1201-561X","Theory and Applications of Categories","",2014-12-31,0.717067,2012-01-01,0,NA
"1210-2512","Radioengineering","",2015-12-31,0.179,2017-05-14,671,NA
"1212-1800","Czech Journal of Food Sciences","FOOD SCIENCE",2015-12-31,0.225,2017-05-22,223.4,NA
"1212-1819","Czech Journal of Animal Science","VETERINARY",2015-12-31,0.231,2017-05-22,223.4,NA
"1214-1178","Plant Soil and Environment","Plant Biology",2015-12-31,0.326,2013-01-01,0,NA
"1217-8837","Acta Zoologica Academiae Scientiarum Hungaricae","ECOLOGY AND EVOLUTION",2015-12-31,0.187,2017-05-22,0,NA
"1220-1766","Studies in Informatics and Control","",2014-12-31,0.107104,2012-01-01,0,NA
"1221-1451","Romanian Reports in Physics","",2014-12-31,0.20955,2017-05-14,0,NA
"1221-146X","Romanian Journal of Physics","",2014-12-31,0.16548,2013-01-01,0,NA
"1224-5984","Romanian Biotechnological Letters","",2014-12-31,0.0914657,2017-05-14,168,NA
"1225-6463","Etri Journal",NA,2015-12-31,0.202,2013-01-01,0,NA
"1229-845X","Journal of Veterinary Science","Veterinary",2014-12-31,0.335286,2013-01-01,0,NA
"1230-3666","Fibres & Textiles in Eastern Europe","Physics and Chemistry",2014-12-31,0.142563,2013-01-01,1188,NA
"1239-629X","Annales Academiae Scientiarum Fennicae-Mathematica","MATHEMATICS",2015-12-31,0.745,2017-05-22,0,NA
"1239-9736","International Journal of Circumpolar Health","",2015-12-31,0.247,2017-05-14,678,NA
"1279-8517","Surgical and Radiologic Anatomy","Orthopedics",2014-12-31,0.344571,2016-08-11,3000,NA
"1280-8571","Adansonia","ECOLOGY AND EVOLUTION",2015-12-31,0.193,2013-01-01,0,NA
"1280-9551","Zoosystema","Ecology and Evolution",2014-12-31,0.299053,2013-01-01,0,NA
"1280-9659","Geodiversitas",NA,2014-12-31,0.452009,2013-01-01,0,NA
"1294-4475","Oil & Gas Science and Technology-Revue D IFP Energies Nouvelles",NA,2015-12-31,0.375,2012-01-01,0,NA
"1300-2163","Turk Psikiyatri Dergisi","Psychiatry",2014-12-31,0.140341,2013-01-01,0,NA
"1301-1111","Turkish Journal of Field Crops","",2014-12-31,0.127193,2017-05-14,200,NA
"1303-2712","Turkish Journal of Fisheries and Aquatic Sciences","",2014-12-31,0.186373,2017-05-14,0,NA
"1303-2968","Journal of Sports Science and Medicine","Sports Medicine",2015-12-31,0.55,2013-01-01,725,NA
"1305-3825","Diagnostic and Interventional Radiology","RADIOLOGY",2014-12-31,0.398816,2013-01-01,0,NA
"1307-6167","Records of Natural Products","",2015-12-31,0.246,2017-05-14,450,NA
"1322-7696","Collegian","MEDICINE",2014-12-31,0.367769,2017-05-22,1700,NA
"1330-0962","Biochemia Medica","MEDICINE",2014-12-31,0.405986,2017-05-22,0,NA
"1330-9862","Food Technology and Biotechnology","Food Science",2015-12-31,0.314,2013-01-01,0,NA
"1335-1788","Acta Montanistica Slovaca","nan",2014-12-31,0.0646314,2017-05-22,0,NA
"1335-8871","Measurement Science Review","",2015-12-31,0.23,2017-05-14,588,NA
"1340-3540","Mycoscience","",2014-12-31,0.384003,2017-05-14,1387,NA
"1341-1357","Experimental Animals","Molecular and Cell Biology",2014-12-31,0.371244,2013-01-01,1600,NA
"1342-4815","Biocontrol Science","FOOD SCIENCE",2014-12-31,0.181216,2017-05-22,4400,NA
"1349-2543","Ieice Electronics Express","Circuits",2014-12-31,0.100286,2013-01-01,1080,NA
"1349-6476","Sola","",2015-12-31,0.605,2017-05-14,2035,NA
"1352-8661","Magnetic Resonance Materials in Physics, Biology and Medicine",NA,1999-12-31,0.38966,2016-08-11,3000,NA
"1365-182X","Hpb","",2014-12-31,0.933937,2016-08-11,3000,NA
"1365-8050","Discrete Mathematics and Theoretical Computer Science","COMPUTER SCIENCE",2014-12-31,0.677241,2017-05-22,0,NA
"1367-2630","New Journal of Physics","Science",2015-12-31,1.634,2013-01-01,1760,NA
"1368-1613","Information Research-An International Electronic Journal","Information Science",2015-12-31,0.187,2012-01-01,0,NA
"1374-8505","Geologica Belgica",NA,2015-12-31,0.232,2013-01-01,0,NA
"1392-5113","SORT-Statistics and Operations Research Transactions","",2014-12-31,0.290043,2013-01-01,0,NA
"1405-1435","Convergencia","POLITICAL SCIENCE",2014-12-31,0.0216176,2012-01-01,0,NA
"1405-3195","Agrociencia","PLANT BIOLOGY",2014-12-31,0.0847033,2013-01-01,0,NA
"1417-3875","Electronic Journal of Qualitative Theory of Differential Equations","",2015-12-31,0.279,2017-05-14,0,NA
"1420-3049","Molecules","Food Science",2015-12-31,0.628,2013-01-01,1933,NA
"1422-0067","International Journal of Molecular Sciences","Molecular and Cell Biology",2015-12-31,0.806,2013-01-01,1718,NA
"1424-3903","Pancreatology","Gastroenterology",2014-12-31,0.811751,2016-08-11,3000,NA
"1424-8220","Sensors","Physics and Chemistry",2015-12-31,0.546,2013-01-01,1932,NA
"1430-2772","Psychological Research",NA,1998-12-31,0.12202,2016-08-11,3000,NA
"1431-0643","Documenta Mathematica","MATHEMATICS",2014-12-31,1.39485,2013-01-01,0,NA
"1432-0665","Archive for Mathematical Logic","nan",2014-12-31,0.454819,2016-08-11,3000,NA
"1433-0563","Der Urologe","Urology",2014-12-31,0.066357,2016-08-11,3000,NA
"1433-5158","Hyle","",2014-12-31,0.351528,2017-05-14,0,NA
"1433-8351","Living Reviews in Relativity","",2015-12-31,12.463,2013-01-01,0,NA
"1434-4610","Protist","Ecology and Evolution",2014-12-31,0.982734,2016-08-11,2500,NA
"1434-7636","Granular Matter","Geotechnology",2014-12-31,0.821932,2016-08-11,3000,NA
"1435-9871","Demographic Research","SOCIOLOGY",2015-12-31,0.768,2017-05-22,0,NA
"1436-4522","Educational Technology & Society","EDUCATION",2015-12-31,0.384,2017-05-22,0,NA
"1436-5073","Microchimica Acta",NA,2004-12-31,0.32325,2016-08-11,3000,NA
"1438-8871","Journal of Medical Internet Research","Medicine",2015-12-31,1.571,2013-01-01,1900,NA
"1443-458X","Journal of Research and Practice in Information Technology",NA,2012-12-31,0.117828,2013-01-01,0,NA
"1449-2288","International Journal of Biological Sciences","",2015-12-31,1.151,2017-05-14,1485,NA
"1451-9372","Chemical Industry & Chemical Engineering Quarterly","nan",2015-12-31,0.159,2017-05-22,111.72,NA
"1452-3981","International Journal of Electrochemical Science",NA,2014-12-31,0.308777,2017-05-14,559,NA
"1452-8630","Applicable Analysis and Discrete Mathematics","MATHEMATICS",2014-12-31,0.652522,2017-05-14,0,NA
"1460-7425","Jasss-The Journal of Artificial Societies and Social Simulation",NA,2015-12-31,0.295,2012-01-01,0,NA
"1461-1570","Lms Journal of Computation and Mathematics","",2014-12-31,0.739836,2017-05-14,0,NA
"1463-1741","Noise & Health","",2015-12-31,0.487,2017-05-14,100,NA
"1465-3249","Cytotherapy","MOLECULAR AND CELL BIOLOGY",2014-12-31,0.860883,2017-05-22,3300,NA
"1465-5411","Breast Cancer International Journal of Breast Cancer","ONCOLOGY",2014-12-31,2.23164,2017-05-22,1000,NA
"1465-542X","Breast Cancer Research",NA,2015-12-31,2.015,2016-08-11,2910,NA
"1465-9921","Respiratory Research","Medicine",2014-12-31,1.17728,2013-01-01,2380,NA
"1465-993X","Respiratory Research",NA,2015-12-31,1.151,2016-08-11,2525,NA
"1466-609X","Critical Care","Medicine",2015-12-31,1.903,2015-12-01,2164.5,NA
"1467-3037","Current Issues in Molecular Biology","MOLECULAR AND CELL BIOLOGY",2014-12-31,1.29664,2017-05-22,1360,NA
"1467-4866","Geochemical Transactions","Geography. Anthropology. Recreation",2015-12-31,0.656,2016-08-11,1140,NA
"1470-7330","Cancer Imaging","RADIOLOGY",2015-12-31,0.609,2017-05-22,2145,NA
"1471-0676","Platinum Metals Review","",2014-12-31,0.474607,2012-01-01,0,NA
"1471-2091","Bmc Biochemistry","MOLECULAR AND CELL BIOLOGY",2015-12-31,0.571,2017-05-22,2145,NA
"1471-2105","Bmc Bioinformatics","MOLECULAR AND CELL BIOLOGY",2015-12-31,1.419,2017-05-22,2145,NA
"1471-2121","Bmc Cell Biology","MOLECULAR AND CELL BIOLOGY",2015-12-31,0.853,2017-05-22,2145,NA
"1471-213X","Bmc Developmental Biology","MOLECULAR AND CELL BIOLOGY",2015-12-31,0.98,2017-05-22,2145,NA
"1471-2148","Bmc Evolutionary Biology","ECOLOGY AND EVOLUTION",2015-12-31,1.32,2017-05-22,2145,NA
"1471-2156","Bmc Genetics","MOLECULAR AND CELL BIOLOGY",2015-12-31,0.783,2017-05-22,2145,NA
"1471-2164","Bmc Genomics","MOLECULAR AND CELL BIOLOGY",2015-12-31,1.34,2017-05-22,2145,NA
"1471-2172","Bmc Immunology","MOLECULAR AND CELL BIOLOGY",2015-12-31,0.751,2017-05-22,2145,NA
"1471-2180","Bmc Microbiology","MOLECULAR AND CELL BIOLOGY",2015-12-31,0.902,2017-05-22,2145,NA
"1471-2199","Bmc Molecular Biology","MOLECULAR AND CELL BIOLOGY",2015-12-31,0.694,2017-05-22,2145,NA
"1471-2202","Bmc Neuroscience","NEUROSCIENCE",2015-12-31,0.906,2017-05-22,2145,NA
"1471-2229","Bmc Plant Biology","PLANT BIOLOGY",2015-12-31,1.205,2017-05-22,2145,NA
"1471-2253","BMC Anesthesiology","MEDICINE",2015-12-31,0.495,2017-05-22,2145,NA
"1471-2261","BMC Cardiovascular Disorders","MEDICINE",2015-12-31,0.599,2017-05-22,2145,NA
"1471-2288","BMC Medical Research Methodology","MEDICINE",2015-12-31,1.713,2017-05-22,2145,NA
"1471-2296","BMC Family Practice","MEDICINE",2015-12-31,0.672,2017-05-22,2145,NA
"1471-230X","Bmc Gastroenterology","GASTROENTEROLOGY",2015-12-31,0.773,2017-05-22,2145,NA
"1471-2318","BMC Geriatrics","MEDICINE",2015-12-31,0.925,2017-05-22,2145,NA
"1471-2334","Bmc Infectious Diseases","INFECTIOUS DISEASES",2015-12-31,1.027,2017-05-22,2145,NA
"1471-2342","Bmc Medical Imaging","RADIOLOGY",2015-12-31,0.508,2017-05-22,2145,NA
"1471-2350","BMC Medical Genetics","MOLECULAR AND CELL BIOLOGY",2015-12-31,0.724,2017-05-22,2145,NA
"1471-2369","BMC Nephrology","NEPHROLOGY",2015-12-31,0.684,2017-05-22,2145,NA
"1471-2377","BMC Neurology","NEUROSCIENCE",2015-12-31,0.814,2017-05-22,2145,NA
"1471-2393","BMC Pregnancy and Childbirth","MEDICINE",2015-12-31,0.912,2017-05-22,2145,NA
"1471-2407","Bmc Cancer","ONCOLOGY",2015-12-31,0.933,2017-05-22,2145,NA
"1471-2415","BMC Ophthalmology","OPHTHALMOLOGY",2015-12-31,0.436,2017-05-22,2145,NA
"1471-2431","BMC Pediatrics","MEDICINE",2015-12-31,0.89,2017-05-22,2145,NA
"1471-244X","BMC Psychiatry","PSYCHIATRY",2015-12-31,0.956,2017-05-22,2145,NA
"1471-2458","Bmc Public Health","MEDICINE",2015-12-31,0.931,2017-05-22,2145,NA
"1471-2466","BMC Pulmonary Medicine","MEDICINE",2015-12-31,0.772,2017-05-22,2145,NA
"1471-2474","Bmc Musculoskeletal Disorders","ORTHOPEDICS",2015-12-31,0.774,2017-05-22,2145,NA
"1471-2482","BMC Surgery","GASTROENTEROLOGY",2015-12-31,0.48,2017-05-22,2145,NA
"1471-2490","BMC Urology","UROLOGY",2015-12-31,0.521,2017-05-22,2145,NA
"1472-6750","Bmc Biotechnology","MOLECULAR AND CELL BIOLOGY",2015-12-31,0.756,2017-05-22,2145,NA
"1472-6785","Bmc Ecology","nan",2014-12-31,1.88263,2017-05-22,2145,NA
"1472-6807","Bmc Structural Biology","Science",2015-12-31,0.628,2016-08-11,2145,NA
"1472-6823","BMC Endocrine Disorders","MEDICINE",2015-12-31,0.655,2017-05-22,2145,NA
"1472-6831","BMC Oral Health","DENTISTRY",2015-12-31,0.463,2017-05-22,2145,NA
"1472-684X","BMC Palliative Care","MEDICINE",2015-12-31,0.619,2017-05-22,2145,NA
"1472-6874","BMC Womens Health","MEDICINE",2015-12-31,0.58,2017-05-22,2145,NA
"1472-6882","BMC Complementary and Alternative Medicine","FOOD SCIENCE",2015-12-31,0.499,2017-05-22,2145,NA
"1472-6920","BMC Medical Education","MEDICINE",2015-12-31,0.583,2017-05-22,2145,NA
"1472-6939","BMC Medical Ethics","MEDICINE",2015-12-31,0.59,2017-05-22,2145,NA
"1472-6947","BMC Medical Informatics and Decision Making","MEDICINE",2015-12-31,0.757,2017-05-22,2145,NA
"1472-6963","Bmc Health Services Research","MEDICINE",2015-12-31,0.749,2017-05-22,2145,NA
"1472-698X","BMC International Health and Human Rights","MEDICINE",2015-12-31,0.638,2017-05-22,2145,NA
"1472-9792","Tuberculosis","Molecular and Cell Biology",2014-12-31,0.95386,2016-08-11,2500,NA
"1473-2262","European Cells & Materials","",2015-12-31,1.306,2017-05-14,100,NA
"1474-7049","Evolutionary Psychology","",2015-12-31,0.488,2017-05-14,395,NA
"1474-760X","Genome Biology","Science",2015-12-31,7.133,2016-08-11,2975,NA
"1475-2840","Cardiovascular Diabetology","MEDICINE",2015-12-31,0.966,2017-05-22,2410,NA
"1475-2859","Microbial Cell Factories","Science",2015-12-31,1.112,2016-08-11,2145,NA
"1475-2867","Cancer Cell International","MOLECULAR AND CELL BIOLOGY",2015-12-31,0.588,2017-05-22,2300,NA
"1475-2875","Malaria Journal","Medicine",2015-12-31,0.885,2016-08-11,2240,NA
"1475-2891","Nutrition Journal","",2015-12-31,0.976,2017-05-14,2365,NA
"1475-4916","Homeopathy","Medicine",2014-12-31,0.117595,2016-08-11,2500,NA
"1475-925X","Biomedical Engineering Online","SPORTS MEDICINE",2015-12-31,0.53,2017-05-22,2145,NA
"1475-9276","International Journal for Equity in Health","",2015-12-31,0.76,2017-05-14,2220,NA
"1476-069X","Environmental Health","",2015-12-31,1.228,2017-05-14,2220,NA
"1476-0711","Annals of Clinical Microbiology and Antimicrobials","INFECTIOUS DISEASES",2015-12-31,0.74,2017-05-22,2145,NA
"1476-072X","International Journal of Health Geographics","",2015-12-31,1.01,2017-05-14,2145,NA
"1476-4598","Molecular Cancer","Medicine",2015-12-31,1.449,2016-08-11,2145,NA
"1476-511X","Lipids in Health and Disease","",2015-12-31,0.596,2017-05-14,2145,NA
"1476-5586","Neoplasia","Medicine",2015-12-31,1.374,2016-08-11,2200,NA
"1476-7120","Cardiovascular Ultrasound","MEDICINE",2015-12-31,0.556,2017-05-22,2145,NA
"1476-9255","Journal of Inflammation-London","",2015-12-31,0.69,2017-05-14,2300,NA
"1477-3155","Journal of Nanobiotechnology","",2015-12-31,1.103,2017-05-14,2145,NA
"1477-5956","Proteome Science","",2015-12-31,0.525,2017-05-14,2145,NA
"1477-7517","Harm Reduction Journal","",2015-12-31,0.799,2017-05-14,2450,NA
"1477-7525","Health and Quality of Life Outcomes","Medicine",2015-12-31,0.907,2016-08-11,2145,NA
"1477-7819","World Journal of Surgical Oncology","",2015-12-31,0.392,2017-05-14,2580,NA
"1477-7827","Reproductive Biology and Endocrinology","Medicine",2015-12-31,0.824,2016-08-11,2145,NA
"1478-4491","Human Resources for Health","",2015-12-31,0.614,2017-05-14,2450,NA
"1478-4505","Health Research Policy and Systems","",2015-12-31,0.658,2017-05-14,2300,NA
"1478-6354","Arthritis Research & Therapy","Medicine",2015-12-31,1.559,2015-10-01,2164.5,NA
"1478-6362","Arthritis Research & Therapy","RHEUMATOLOGY",2014-12-31,1.36804,2017-05-22,2740,NA
"1478-7954","Population Health Metrics","",2015-12-31,1.788,2017-05-14,2145,NA
"1478-811X","Cell Communication and Signaling","MOLECULAR AND CELL BIOLOGY",2015-12-31,1.256,2017-05-22,2450,NA
"1479-5868","International Journal of Behavioral Nutrition and Physical Activity","",2015-12-31,1.918,2017-05-14,2580,NA
"1479-5876","Journal of Translational Medicine","Molecular and Cell Biology",2015-12-31,1.085,2016-08-11,2145,NA
"1479-7364","Human Genomics","",2014-12-31,4.21306,2017-05-14,2450,NA
"1480-9222","Biological Procedures Online","MOLECULAR AND CELL BIOLOGY",2015-12-31,0.572,2017-05-22,2450,NA
"1482-1826","Journal of Pharmacy and Pharmaceutical Sciences","Medicine",2015-12-31,0.512,2016-11-03,0,NA
"1488-2159","Journal of the Canadian Dental Association","Dentistry",2014-12-31,0.223534,2013-01-01,0,NA
"1499-2671","Canadian Journal of Diabetes","MEDICINE",2014-12-31,0.435368,2017-05-22,3300,NA
"1505-1773","Polish Journal of Veterinary Sciences","Veterinary",2014-12-31,0.147462,2012-01-01,0,NA
"1512-2891","Journal of Homotopy and Related Structures","",2014-12-31,0.839676,2017-05-14,3000,NA
"1513-7368","Asian Pacific Journal of Cancer Prevention","ONCOLOGY",2014-12-31,0.237879,2017-05-22,200,NA
"1517-7076","Materia-Rio De Janeiro","Technology",2015-12-31,0.003,2017-01-19,0,NA
"1518-8345","Revista Latino-Americana De Enfermagem","Medicine",2015-12-31,0.169,2004-04-23,0,NA
"1526-9914","Journal of Applied Clinical Medical Physics","",2014-12-31,0.393817,2017-05-14,500,NA
"1529-9120","Gene Therapy& Molecular Biology",NA,2013-12-31,0.203571,2012-01-01,0,NA
"1530-261X","Atmospheric Science Letters","Science",2015-12-31,0.768,2016-02-15,1300,NA
"1530-9932","AAPS PharmSciTech","PHARMACOLOGY",2014-12-31,0.485898,2016-08-11,3000,NA
"1533-3159","Pain Physician","",2014-12-31,0.917147,2017-05-14,0,NA
"1534-3146","Current Infectious Disease Reports","nan",2014-12-31,1.36371,2017-05-22,3000,NA
"1534-3170","Current Cardiology Reports","nan",2014-12-31,1.15339,2017-05-22,3000,NA
"1534-6285","Current Urology Reports","nan",2014-12-31,1.02462,2017-05-22,3000,NA
"1534-7362","Journal of Vision","Medicine",2015-12-31,1.059,2013-01-01,1275,NA
"1535-7414","Alcohol Research & Health","PSYCHIATRY",2014-12-31,1.02702,2012-01-01,0,NA
"1536-0121","Molecular Imaging","Science",2015-12-31,0.542,2016-06-17,2200,NA
"1536-2442","Journal of Insect Science","Science",2015-12-31,0.321,2013-01-01,800,NA
"1536-9323","Journal of the Association for Information Systems","",2014-12-31,1.04036,2017-05-14,75,NA
"1537-744X","The Scientific World Journal","Science",2013-12-31,0.343262,2016-08-11,750,NA
"1538-4721","Brachytherapy","ONCOLOGY",2014-12-31,0.595746,2017-05-22,3300,NA
"1538-6279","Centro Journal",NA,2012-12-31,0.0128048,2013-01-01,0,NA
"1544-2241","Current Osteoporosis Reports","nan",2014-12-31,1.91686,2017-05-22,3000,NA
"1545-7885","Plos Biology","Science",2015-12-31,5.19,2013-01-01,2900,NA
"1546-0096","Pediatric Rheumatology","",2015-12-31,0.692,2017-05-14,2145,NA
"1548-3576","Current HIV/AIDS Reports","nan",2014-12-31,3.14777,2017-05-22,3000,NA
"1548-7660","Journal of Statistical Software","Social Sciences",2015-12-31,5.434,2013-01-01,0,NA
"1549-1676","Plos Medicine","Medicine",2015-12-31,7.079,2013-01-01,2900,NA
"1550-1477","International Journal of Distributed Sensor Networks","Science",2015-12-31,0.252,2016-08-11,2000,NA
"1550-2783","Journal of the International Society of Sports Nutrition","",2015-12-31,0.548,2017-05-14,2145,NA
"1550-7416","The AAPS Journal","PHARMACOLOGY",2014-12-31,1.20645,2016-08-11,3000,NA
"1553-7404","PLoS Genetics","Science",2015-12-31,3.537,2013-01-01,2250,NA
"1554-9178","Physical Review Special Topics. Physics Education Research","Education",2014-12-31,0.523958,2013-01-01,1700,NA
"1555-7561","Theoretical Economics","",2014-12-31,3.09759,2017-05-14,0,NA
"1556-276X","Nanoscale Research Letters","Technology",2015-12-31,0.672,2016-08-11,1420,NA
"1558-9250","Journal of Engineered Fibers and Fabrics","",2015-12-31,0.223,2017-05-14,300,NA
"1559-3258","Dose-Response","Medicine",2015-12-31,0.46,2015-09-18,1500,NA
"1559-4106","Biointerphases","PHYSICS AND CHEMISTRY",2014-12-31,0.77985,2017-05-22,1085,NA
"1559-8985","Progress in Electromagnetics Research-Pier",NA,2014-12-31,0.529642,2013-01-01,0,NA
"1560-7917","Eurosurveillance","Medicine",2015-12-31,2.255,2004-09-09,0,NA
"1565-1088","Israel Medical Association Journal","Medicine",2014-12-31,0.262385,2012-01-01,0,NA
"1567-5394","Bioelectrochemistry","nan",2014-12-31,0.83625,2017-05-22,2600,NA
"1567-7249","Mitochondrion","Molecular and Cell Biology",2014-12-31,1.04399,2016-08-11,2200,NA
"1568-4156","International Journal of Integrated Care","Medicine",2015-12-31,0.54,2016-07-28,1625,NA
"1572-8463","Foundations of Chemistry","",2014-12-31,0.441588,2017-05-14,3000,NA
"1573-7802","Journal of World Prehistory","",2014-12-31,0.686686,2017-05-14,3000,NA
"1577-0354","Revista Internacional De Medicina Y Ciencias De La Actividad Fisica Y Del Deporte","Geography. Anthropology. Recreation",2015-12-31,0.092,2006-01-12,336,NA
"1582-4934","Journal of Cellular and Molecular Medicine","Medicine",2015-12-31,1.059,2013-05-21,2500,NA
"1584-8663","Chalcogenide Letters","PHYSICS AND CHEMISTRY",2014-12-31,0.191852,2017-05-22,220,NA
"1598-2254","Plant Pathology Journal","",2015-12-31,0.297,2017-05-14,1000,NA
"1600-5368","Acta Crystallographica Section E",NA,2011-12-31,0.0348884,2012-01-01,150,NA
"1607-324X","Condensed Matter Physics","PHYSICS AND CHEMISTRY",2014-12-31,0.238927,2017-05-22,0,NA
"1609-4069","International Journal of Qualitative Methods","Social Sciences",2015-12-31,0.3,2003-11-25,1500,NA
"1611-2156","EXCLI Journal","Medicine",2015-12-31,0.21,2016-07-25,0,NA
"1612-9830","Journal of Agriculture and Rural Development in the Tropics and Subtropics",NA,2012-12-31,0.0642238,2013-01-01,0,NA
"1617-9625","Tobacco Induced Diseases","",2015-12-31,0.673,2017-05-14,2145,NA
"1618-7229","E-Polymers","PHYSICS AND CHEMISTRY",2014-12-31,0.0797684,2013-01-01,0,NA
"1641-1307","Dendrobiology","ECOLOGY AND EVOLUTION",2015-12-31,0.168,2017-05-22,0,NA
"1641-7291","Geological Quarterly",NA,2014-12-31,0.233508,2013-01-01,0,NA
"1646-0758","Acta Medica Portuguesa","Medicine",2015-12-31,0.112,2008-02-15,0,NA
"1654-9880","Global Health Action","Medicine",2015-12-31,0.727,2008-12-18,1456,NA
"1660-3397","Marine Drugs","Food Science",2015-12-31,0.731,2013-01-01,1934,NA
"1660-4601","International Journal of Environmental Research and Public Health",NA,2015-12-31,0.684,2012-01-01,1066,NA
"1662-453X","Frontiers in Neuroscience","Medicine",2015-12-31,1.344,2012-01-01,2086,NA
"1662-5099","Frontiers in Molecular Neuroscience","Medicine",2015-12-31,1.617,2008-09-11,2490,NA
"1662-5102","Frontiers in Cellular Neuroscience","",2015-12-31,1.569,2017-05-14,2490,NA
"1662-5110","Frontiers in Neural Circuits","",2015-12-31,1.535,2017-05-14,2490,NA
"1662-5129","Frontiers in Neuroanatomy","Medicine",2015-12-31,1.434,2008-09-11,2490,NA
"1662-5153","Frontiers in Behavioral Neuroscience","",2015-12-31,1.166,2017-05-14,2490,NA
"1662-5161","Frontiers in Human Neuroscience","",2015-12-31,1.38,2017-05-14,2490,NA
"1662-5188","Frontiers in Computational Neuroscience","",2015-12-31,0.913,2017-05-14,2490,NA
"1663-4365","Frontiers in Aging Neuroscience","Medicine",2015-12-31,1.363,2010-12-17,2490,NA
"1663-9812","Frontiers in Pharmacology","",2015-12-31,1.24,2017-05-14,2490,NA
"1664-042X","Frontiers in Physiology","",2015-12-31,1.257,2017-05-14,2490,NA
"1664-1078","Frontiers in Psychology","",2015-12-31,0.996,2017-05-14,2490,NA
"1664-302X","Frontiers in Microbiology","",2015-12-31,1.34,2017-05-14,2490,NA
"1664-3224","Frontiers in Immunology","Medicine",2015-12-31,2.006,2012-01-01,2086,NA
"1664-462X","Frontiers in Plant Science","",2015-12-31,1.305,2017-05-14,2490,NA
"1674-2001","Particuology","Physics and Chemistry",2014-12-31,0.583367,2016-08-11,3000,NA
"1674-5507","Current Zoology","ECOLOGY AND EVOLUTION",2015-12-31,0.669,2017-05-22,1440,NA
"1676-5680","Genetics and Molecular Research","Molecular and Cell Biology",2014-12-31,0.213662,2013-01-01,960,NA
"1678-4499","Bragantia","Agriculture",2015-12-31,0.212,2004-04-23,50,NA
"1678-7153","Psicologia-Reflexao E Critica","Philosophy. Psychology. Religion",2015-12-31,0.066,2016-08-11,1030,NA
"1678-9199","Journal of Venomous Animals and Toxins Including Tropical Diseases","",2015-12-31,0.247,2017-05-14,2145,NA
"1678-992X","Scientia Agricola","Agriculture",2015-12-31,0.345,2013-01-01,1710,NA
"1679-7825","Latin American Journal of Solids and Structures","Technology",2015-12-31,0.223,2013-01-01,0,NA
"1680-6433","Iranian Journal of Reproductive Medicine","",2012-12-31,0.0409098,2017-05-14,0,NA
"1680-7324","Atmospheric Chemistry and Physics","Science",2005-12-31,1.8841,2013-01-01,0,NA
"1682-024X","Pakistan Journal of Medical Sciences","",2015-12-31,0.111,2017-05-14,200,NA
"1684-1182","Journal of Microbiology Immunology and Infection","",2015-12-31,0.615,2017-05-14,1000,NA
"1684-5315","African Journal of Biotechnology",NA,2010-12-31,0.126388,2012-01-01,650,NA
"1687-1499","EURASIP Journal on Wireless Communications and Networking","Technology",2015-12-31,0.416,2016-08-11,1420,NA
"1687-1847","Advances in Difference Equations","Science",2015-12-31,0.113,2016-08-11,980,NA
"1687-2770","Boundary Value Problems","Science",2015-12-31,0.298,2016-08-11,980,NA
"1687-4722","EURASIP Journal on Audio Speech and Music Processing","Science",2015-12-31,0.268,2016-08-11,1160,NA
"1687-5273","Computational Intelligence and Neuroscience","nan",2014-12-31,2.36099,2017-05-22,1750,NA
"1687-5281","EURASIP Journal on Image and Video Processing","Technology",2015-12-31,0.55,2016-08-11,1350,NA
"1687-529X","International Journal of Photoenergy","",2014-12-31,0.337747,2017-05-14,1250,NA
"1687-5974","International Journal of Aerospace Engineering","",2014-12-31,0.378012,2017-05-14,1750,NA
"1687-6180","EURASIP Journal on Advances in Signal Processing","Technology",2015-12-31,0.483,2016-08-11,1420,NA
"1687-7268","Journal of Sensors","",2014-12-31,0.591261,2017-05-14,1750,NA
"1687-8140","Advances in Mechanical Engineering","Technology",2015-12-31,0.198,2012-01-01,600,NA
"1695-6133","Geologica Acta",NA,2015-12-31,0.524,2013-01-01,0,NA
"1708-3087","Ecology and Society","nan",2015-12-31,1.033,2017-05-22,975,NA
"1723-2007","Blood Transfusion","MEDICINE",2015-12-31,0.578,2017-05-22,0,NA
"1726-569X","Acta Bioethica","Medicine",2015-12-31,0.03,2016-11-16,0,NA
"1729-8806","International Journal of Advanced Robotic Systems","",2014-12-31,0.118008,2017-05-14,1200,NA
"1729-8814","International Journal of Advanced Robotic Systems","Technology",2015-12-31,0.185,2008-11-26,1100,NA
"1733-3490","Archives of Metallurgy and Materials","PHYSICS AND CHEMISTRY",2015-12-31,0.117,2013-01-01,0,NA
"1734-1140","Pharmacological Reports","Neuroscience",2014-12-31,0.499932,2016-08-11,3000,NA
"1735-0328","Iranian Journal of Pharmaceutical Research","",2014-12-31,0.130175,2017-05-14,150,NA
"1735-8787","Banach Journal of Mathematical Analysis (\The Journals Are No Longer Open Access (In General)\)","MATHEMATICS",2014-12-31,0.435342,2017-05-14,1000,NA
"1740-2522","Clinical & Developmental Immunology","MOLECULAR AND CELL BIOLOGY",2014-12-31,0.84067,2017-05-22,1750,NA
"1741-7007","Bmc Biology","MOLECULAR AND CELL BIOLOGY",2015-12-31,3.207,2017-05-22,2785,NA
"1741-7015","BMC Medicine","MEDICINE",2015-12-31,3.162,2017-05-22,2785,NA
"1742-2094","Journal of Neuroinflammation","",2015-12-31,1.561,2017-05-14,2450,NA
"1742-4682","Theoretical Biology and Medical Modelling","",2015-12-31,0.376,2017-05-14,2145,NA
"1742-4690","Retrovirology","",2015-12-31,1.548,2017-05-14,2450,NA
"1742-4755","Reproductive Health","",2015-12-31,1.148,2017-05-14,2145,NA
"1742-4933","Immunity & Ageing","",2015-12-31,0.719,2017-05-14,2145,NA
"1742-6316","History and Philosophy of the Life Sciences","",2014-12-31,0.201198,2017-05-14,3000,NA
"1742-6405","AIDS Research and Therapy","INFECTIOUS DISEASES",2015-12-31,0.601,2017-05-22,2300,NA
"1742-9994","Frontiers in Zoology","",2015-12-31,1.122,2017-05-14,2365,NA
"1743-0003","Journal of NeuroEngineering and Rehabilitation","Sports Medicine",2015-12-31,0.938,2016-08-11,2240,NA
"1743-422X","Virology Journal","",2015-12-31,0.635,2017-05-14,2145,NA
"1743-7075","Nutrition & Metabolism","Technology",2015-12-31,0.899,2016-08-11,2240,NA
"1743-8977","Particle and Fibre Toxicology","",2015-12-31,2.249,2017-05-14,2145,NA
"1744-4292","Molecular Systems Biology","Science",2015-12-31,6.95,2013-01-01,3900,NA
"1744-5647","Journal of Maps","",2014-12-31,0.282077,2017-05-14,520,NA
"1744-8069","Molecular Pain","",2015-12-31,1.253,2017-05-14,2500,NA
"1744-859X","Annals of General Psychiatry","PSYCHIATRY",2015-12-31,0.416,2017-05-22,2450,NA
"1744-8603","Globalization and Health","",2015-12-31,1.051,2017-05-14,2145,NA
"1744-9081","Behavioral and Brain Functions","NEUROSCIENCE",2015-12-31,0.693,2017-05-22,2145,NA
"1745-6150","Biology Direct","MOLECULAR AND CELL BIOLOGY",2015-12-31,1.491,2017-05-22,2145,NA
"1745-6215","Trials","Medicine",2015-12-31,0.893,2016-08-11,2145,NA
"1745-6673","Journal of Occupational Medicine and Toxicology","",2015-12-31,0.439,2017-05-14,2260,NA
"1746-1596","Diagnostic Pathology","ONCOLOGY",2015-12-31,0.476,2017-05-22,2145,NA
"1746-160X","Head & Face Medicine","",2015-12-31,0.439,2017-05-14,2145,NA
"1746-4269","Journal of Ethnobiology and Ethnomedicine","",2015-12-31,0.52,2017-05-14,2145,NA
"1746-4811","Plant Methods","",2015-12-31,1.268,2017-05-14,2035,NA
"1746-6148","BMC Veterinary Research","VETERINARY",2015-12-31,0.612,2017-05-22,2145,NA
"1747-1028","Cell Division","MOLECULAR AND CELL BIOLOGY",2015-12-31,0.736,2017-05-22,2300,NA
"1747-597X","Substance Abuse Treatment Prevention and Policy","",2015-12-31,0.628,2017-05-14,2145,NA
"1748-5908","Implementation Science","",2015-12-31,1.529,2017-05-14,2365,NA
"1748-717X","Radiation Oncology",NA,2015-12-31,0.756,2016-08-11,2145,NA
"1748-7188","Algorithms for Molecular Biology","MOLECULAR AND CELL BIOLOGY",2015-12-31,1.902,2017-05-22,2145,NA
"1748-9326","Environmental Research Letters","Technology",2015-12-31,2.025,2013-01-01,1600,NA
"1749-0774","Human Cell","",2014-12-31,0.279317,2017-05-14,3000,NA
"1749-7922","World Journal of Emergency Surgery","",2015-12-31,0.557,2017-05-14,2145,NA
"1749-799X","Journal of Orthopaedic Surgery and Research","",2015-12-31,0.585,2017-05-14,2450,NA
"1749-8090","Journal of Cardiothoracic Surgery","Medicine",2015-12-31,0.345,2016-08-11,2175,NA
"1749-8104","Neural Development","Medicine",2015-12-31,1.222,2016-08-11,2145,NA
"1749-8546","Chinese Medicine","FOOD SCIENCE",2015-12-31,0.424,2017-05-22,2145,NA
"1750-1172","Orphanet Journal of Rare Diseases","Medicine",2015-12-31,1.475,2016-08-11,2365,NA
"1750-1326","Molecular Neurodegeneration","",2015-12-31,2.102,2017-05-14,2580,NA
"1750-9378","Infectious Agents and Cancer","",2015-12-31,0.56,2017-05-14,2145,NA
"1752-0509","BMC Systems Biology","MOLECULAR AND CELL BIOLOGY",2015-12-31,0.926,2017-05-22,2145,NA
"1752-153X","Chemistry Central Journal","FOOD SCIENCE",2015-12-31,0.54,2016-08-11,1890,NA
"1752-4458","International Journal of Mental Health Systems","",2015-12-31,0.619,2017-05-14,2145,NA
"1752-4571","Evolutionary Applications","Science",2015-12-31,1.834,2012-08-29,2356,NA
"1754-1611","Journal of Biological Engineering","",2015-12-31,0.985,2017-05-14,2240,NA
"1754-6834","Biotechnology for Biofuels","nan",2015-12-31,1.632,2017-05-22,2450,NA
"1755-263X","Conservation Letters","Science",2015-12-31,2.655,2016-02-17,1850,NA
"1755-4365","Epidemics","",2015-12-31,0.855,2017-05-14,1800,NA
"1755-8166","Molecular Cytogenetics","",2015-12-31,0.485,2017-05-14,2145,NA
"1755-8794","BMC Medical Genomics","MOLECULAR AND CELL BIOLOGY",2015-12-31,1.146,2017-05-22,2145,NA
"1756-0381","BioData Mining","MOLECULAR AND CELL BIOLOGY",2015-12-31,0.668,2017-05-22,2145,NA
"1756-3305","Parasites & Vectors","Medicine",2015-12-31,0.886,2016-08-11,2145,NA
"1756-6606","Molecular Brain","",2015-12-31,1.292,2017-05-14,2185,NA
"1756-8722","Journal of Hematology & Oncology","",2015-12-31,1.322,2017-05-14,2580,NA
"1756-8935","Epigenetics & Chromatin","",2015-12-31,2.557,2017-05-14,2450,NA
"1756-994X","Genome Medicine","",2015-12-31,3.104,2017-05-14,2785,NA
"1756-9966","Journal of Experimental & Clinical Cancer Research","Oncology",2015-12-31,0.815,2016-08-11,2220,NA
"1757-1146","Journal of Foot and Ankle Research","",2015-12-31,0.569,2017-05-14,2145,NA
"1757-2215","Journal of Ovarian Research","",2015-12-31,0.644,2017-05-14,2145,NA
"1757-4749","Gut Pathogens","",2015-12-31,0.87,2017-05-14,2410,NA
"1757-6512","Stem Cell Research & Therapy","",2015-12-31,1.123,2017-05-14,2175,NA
"1757-7241","Scandinavian Journal of Trauma Resuscitation & Emergency Medicine","",2015-12-31,0.782,2017-05-14,2325,NA
"1758-0463","Database-The Journal of Biological Databases and Curation","MOLECULAR AND CELL BIOLOGY",2015-12-31,1.427,2017-05-14,1600,NA
"1758-2652","Journal of the International AIDS Society","",2015-12-31,2.229,2017-05-14,2400,NA
"1758-2946","Journal of Cheminformatics","",2015-12-31,1.825,2017-05-14,1890,NA
"1758-3284","Head & Neck Oncology","",2011-12-31,0.668189,2012-01-01,1625,NA
"1758-5996","Diabetology & Metabolic Syndrome","MEDICINE",2015-12-31,0.659,2017-05-22,2220,NA
"1758-9193","Alzheimers Research & Therapy","NEUROSCIENCE",2015-12-31,1.839,2017-05-22,2175,NA
"1759-0914","ASN Neuro","NEUROSCIENCE",2015-12-31,1.145,2017-05-22,999,NA
"1759-6653","Genome Biology and Evolution","",2015-12-31,1.58,2017-05-14,1800,NA
"1759-8753","Mobile DNA","",2015-12-31,1.445,2017-05-14,2145,NA
"1777-5949","Cahiers Agricultures","Agriculture",2015-12-31,0.061,2016-09-09,0,NA
"1788-618X","Express Polymer Letters","",2015-12-31,0.676,2013-01-01,0,NA
"1790-045X","Journal of Biological Research-Thessaloniki","Ecology and Evolution",2014-12-31,0.177906,2013-01-01,660,NA
"1794-6190","Earth Sciences Research Journal","nan",2015-12-31,0.143,2013-01-01,0,NA
"1802-6222","Journal of Geosciences","",2014-12-31,0.468952,2017-05-14,0,NA
"1806-6690","Revista Ciencia Agronomica","Agriculture",2015-12-31,0.194,2012-05-09,108.36,NA
"1806-9290","Revista Brasileira De Zootecnia-Brazilian Journal of Animal Science","",2015-12-31,0.215,2017-05-14,16.33,NA
"1806-9959","Brazilian Journal of Botany","ECOLOGY AND EVOLUTION",2014-12-31,0.963353,2017-05-22,3000,NA
"1807-1929","Revista Brasileira De Engenharia Agricola E Ambiental","Agriculture",2015-12-31,0.171,2004-10-12,0,NA
"1807-8621","Acta Scientiarum-Agronomy","Agriculture",2015-12-31,0.307,2008-09-08,0,NA
"1808-2882","Custos E Agronegocio on Line","Agriculture",2015-12-31,0.017,2008-03-19,0,NA
"1815-0659","Symmetry Integrability and Geometry-Methods and Applications","",2015-12-31,0.611,2017-05-14,0,NA
"1817-1737","Annals of Thoracic Medicine","MEDICINE",2015-12-31,0.369,2017-05-14,0,NA
"1820-0214","Computer Science and Information Systems","nan",2015-12-31,0.179,2017-05-22,0,NA
"1823-6138","Neurology Asia","",2015-12-31,0.076,2017-05-14,0,NA
"1841-9836","International Journal of Computers Communications & Control","",2014-12-31,0.185261,2017-05-14,112,NA
"1847-9804","Nanomaterials and Nanotechnology","Technology",2015-12-31,0.359,2012-02-27,1000,NA
"1851-2372","Boletin De La Sociedad Argentina De Botanica","Science",2015-12-31,0.102,2009-12-09,0,NA
"1851-8265","Salud Colectiva","Medicine",2015-12-31,0.077,2007-10-09,0,NA
"1853-8665","Revista De La Facultad De Ciencias Agrarias","Agriculture | Technology",2015-12-31,0.044,2012-12-04,20,NA
"1860-5397","Beilstein Journal of Organic Chemistry","PHYSICS AND CHEMISTRY",2015-12-31,0.683,2017-05-22,0,NA
"1860-5974","Logical Methods in Computer Science","",2015-12-31,0.563,2013-01-01,0,NA
"1863-5490","Medizinische Genetik","",2014-12-31,0.0180095,2017-05-14,3000,NA
"1864-1385","International Journal of Conflict and Violence","",2015-12-31,0.426,2013-01-01,0,NA
"1864-6042","Economics-The Open Access Open-Assessment E-Journal","ECONOMICS",2015-12-31,0.286,2017-05-22,0,NA
"1864-7790","Aquatic Biology","Science",2015-12-31,0.521,2016-02-05,1736,NA
"1865-3499","Genes and Nutrition","Technology",2015-12-31,0.885,2016-08-11,2145,NA
"1865-9292","Memetic Computing","",2014-12-31,0.85145,2017-05-14,3000,NA
"1866-1505","Operational Research","",2014-12-31,0.125706,2017-05-14,3000,NA
"1866-2633","School Mental Health","",2014-12-31,1.42002,2017-05-14,3000,NA
"1867-0202","Business & Information Systems Engineering","MARKETING",2014-12-31,0.438,2017-05-22,3000,NA
"1868-596X","ALTEX-Alternatives to Animal Experimentation","Medicine",2015-12-31,0.842,2013-06-11,2240,NA
"1868-7083","Clinical Epigenetics","MOLECULAR AND CELL BIOLOGY",2015-12-31,1.248,2017-05-22,2450,NA
"1868-8535","Mindfulness","",2014-12-31,1.92109,2017-05-14,3000,NA
"1869-4195","Series-Journal of the Spanish Economic Association","",2014-12-31,0.325488,2017-05-14,3000,NA
"1871-4765","NanoEthics","",2014-12-31,0.521398,2017-05-14,3000,NA
"1875-0281","International Journal of the Commons","Political science",2015-12-31,0.588,2008-02-11,224,NA
"1875-4805","International Journal of Social Robotics","",2014-12-31,0.325433,2017-05-14,3000,NA
"1877-265X","Waste and Biomass Valorization","",2014-12-31,0.398295,2017-05-14,3000,NA
"1880-0688","Journal of Laser Micro Nanoengineering","",2015-12-31,0.176,2017-05-14,176,NA
"1880-5981","Earth Planets and Space","Geography. Anthropology. Recreation | Science",2015-12-31,0.836,2016-08-11,1105,NA
"1880-6805","Journal of Physiological Anthropology","Geography. Anthropology. Recreation",2015-12-31,0.313,2016-08-11,1565,NA
"1905-7873","Maejo International Journal of Science and Technology","",2015-12-31,0.113,2017-05-14,200,NA
"1911-6470","CUAJ-Canadian Urological Association Journal","UROLOGY",2014-12-31,0.343229,2013-01-01,0,NA
"1916-0216","Journal of Otolaryngology-Head & Neck Surgery",NA,2015-12-31,0.408,2016-08-11,2145,NA
"1930-2126","BioResources","WOOD PRODUCTS",2014-12-31,0.366583,2017-05-14,1575,NA
"1930-2975","Judgment and Decision Making","",2015-12-31,1.321,2017-05-14,0,NA
"1931-6690","Bayesian Analysis","nan",2014-12-31,2.03913,2017-05-14,550,NA
"1931-7603","Herpetological Conservation and Biology","",2014-12-31,0.25478,2017-05-14,0,NA
"1931-7913","CBE-Life Sciences Education","EDUCATION",2014-12-31,0.561878,2017-05-14,0,NA
"1932-1058","Biomicrofluidics","PHYSICS AND CHEMISTRY",2014-12-31,0.971415,2017-05-22,2200,NA
"1932-6203","PLoS One","",2015-12-31,1.053,2013-01-01,1350,NA
"1933-527X","Econ Journal Watch","ECONOMICS",2014-12-31,0.427699,2013-01-01,0,NA
"1934-1482","Pm&r","",2014-12-31,0.854998,2017-05-14,0,NA
"1935-2735","PLoS Neglected Tropical Diseases","Medicine",2015-12-31,1.449,2013-01-01,2250,NA
"1935-7524","Electronic Journal of Statistics","",2014-12-31,1.74611,2013-01-01,0,NA
"1935-9764","Tropical Plant Biology","",2014-12-31,1.03427,2017-05-14,3000,NA
"1936-2625","International Journal of Clinical and  Experimental Pathology",NA,2014-12-31,0.457778,2017-05-14,1580,NA
"1936-5233","Translational Oncology","",2015-12-31,0.854,2017-05-14,2300,NA
"1940-0829","Tropical Conservation Science","Geography. Anthropology. Recreation",2015-12-31,0.463,2008-05-30,500,NA
"1940-3372","Plant Genome","Agriculture",2015-12-31,1.287,2016-07-08,1500,NA
"1942-2466","Journal of Advances in Modeling Earth Systems","Geography. Anthropology. Recreation",2015-12-31,2.896,2014-11-05,50,NA
"1943-0655","IEEE Photonics Journal","Science",2015-12-31,0.573,2015-01-12,1350,NA
"1944-3277","Standards in Genomic Sciences","",2015-12-31,0.422,2017-05-14,2145,NA
"1945-4589","Aging",NA,2014-12-31,1.48509,2017-05-14,2900,NA
"1959-0318","Irbm","",2014-12-31,0.099023,2016-08-11,3000,NA
"1961-9502","Knowledge and Management of Aquatic Ecosystems","",2015-12-31,0.268,2017-05-14,0,NA
"1984-2961","Revista Brasileira De Parasitologia Veterinaria","Agriculture",2015-12-31,0.314,2010-11-11,150.5,NA
"1984-7033","Crop Breeding and Applied Biotechnology","Agriculture",2015-12-31,0.166,2013-01-01,0,NA
"1990-2573","Journal of the European Optical Society-Rapid Publications","",2014-12-31,0.363865,2017-05-14,1660,NA
"1991-637X","African Journal of Agricultural Research",NA,2010-12-31,0.0326923,2017-05-14,600,NA
"1992-1950","International Journal of Physical Sciences",NA,2010-12-31,0.113477,2017-05-14,550,NA
"1992-2248","Scientific Research and Essays",NA,2010-12-31,0.11125,2017-05-14,550,NA
"1993-8233","African Journal of Business Management",NA,2009-12-31,0.0516315,2012-01-01,550,NA
"1996-0808","African Journal of Microbiology Research",NA,2011-12-31,0.0727073,2012-01-01,550,NA
"1996-0816","African Journal of Pharmacy and Pharmacology",NA,2011-12-31,0.0945699,2017-05-14,600,NA
"1996-0875","Journal of Medicinal Plants Research",NA,2010-12-31,0.0690352,2012-01-01,600,NA
"1996-1944","Materials","",2015-12-31,0.691,2017-05-14,1548,NA
"1999-3110","Botanical Studies","Science",2015-12-31,0.309,2016-08-11,735,NA
"1999-4915","Viruses-Basel","",2015-12-31,1.258,2017-05-14,1548,NA
"2008-2231","DARU-Journal of Pharmaceutical Sciences","Medicine",2015-12-31,0.356,2013-01-01,0,NA
"2040-2392","Molecular Autism","",2015-12-31,2.173,2017-05-14,2145,NA
"2041-1480","Journal of Biomedical Semantics","",2015-12-31,0.665,2017-05-14,2145,NA
"2041-2851","AoB Plants","PLANT BIOLOGY",2015-12-31,0.737,2017-05-14,1000,NA
"2041-4889","Cell Death & Disease","MOLECULAR AND CELL BIOLOGY",2015-12-31,1.686,2017-05-22,3200,NA
"2041-9139","EvoDevo","",2015-12-31,1.244,2017-05-14,2450,NA
"2042-6410","Biology of Sex Differences","nan",2014-12-31,2.07346,2017-05-22,2450,NA
"2044-5040","Skeletal Muscle","Medicine",2015-12-31,1.777,2016-08-11,2450,NA
"2044-6055","BMJ Open","MEDICINE",2015-12-31,1.03,2017-05-22,3355.05,NA
"2045-2322","Scientific Reports","",2015-12-31,1.482,2017-05-14,1675,NA
"2045-3701","Cell and Bioscience","MOLECULAR AND CELL BIOLOGY",2015-12-31,0.927,2017-05-22,2145,NA
"2045-4015","Israel Journal of Health Policy Research","",2015-12-31,0.415,2017-05-14,0,NA
"2045-7758","Ecology and Evolution","ECOLOGY AND EVOLUTION",2015-12-31,0.955,2017-05-22,1950,NA
"2045-8827","MicrobiologyOpen","",2015-12-31,0.847,2017-05-14,2400,NA
"2046-1682","BMC Biophysics","MOLECULAR AND CELL BIOLOGY",2015-12-31,0.956,2017-05-22,2145,NA
"2046-2441","Open Biology","",2015-12-31,2.053,2017-05-14,1475,NA
"2046-6390","Biology Open","nan",2015-12-31,0.937,2017-05-22,1495,NA
"2047-217X","GigaScience",NA,2015-12-31,5.067,2016-08-11,2050,NA
"2047-2994","Antimicrobial Resistance and Infection Control","Medicine",2015-12-31,0.963,2016-08-11,2145,NA
"2049-2618","Microbiome",NA,2015-12-31,3.491,2016-08-11,2450,NA
"2049-9957","Infectious Diseases of Poverty","",2015-12-31,0.826,2017-05-14,2145,NA
"2050-6511","BMC Pharmacology & Toxicology","nan",2014-12-31,0.485811,2017-05-22,2145,NA
"2053-7166","Avian Research","Science",2015-12-31,0.196,2016-08-11,0,NA
"2071-1050","Sustainability","",2015-12-31,0.333,2017-05-14,1445,NA
"2072-4292","Remote Sensing","",2015-12-31,0.801,2017-05-14,1651,NA
"2072-6643","Nutrients","",2015-12-31,1.051,2017-05-14,1652,NA
"2072-6651","Toxins","",2015-12-31,0.805,2017-05-14,1548,NA
"2073-4360","Polymers","",2015-12-31,0.94,2017-05-14,1445,NA
"2073-4425","Genes","",2015-12-31,1.072,2017-05-14,1245.2,NA
"2073-4433","Atmosphere","nan",2015-12-31,0.52,2017-05-22,1026.27,NA
"2073-4441","Water","",2015-12-31,0.435,2017-05-14,1451.53,NA
"2073-8994","Symmetry-Basel","",2015-12-31,0.43,2017-05-14,1032,NA
"2110-5820","Annals of Intensive Care","nan",2015-12-31,1.366,2017-05-22,2150,NA
"2146-7242","Turkish Online Journal of Educational Technology","",2011-12-31,0.0872926,2017-05-14,392,NA
"2150-5551","Nano-Micro Letters","",2014-12-31,0.350744,2012-01-01,0,NA
"2150-7511","mBio","",2015-12-31,2.928,2017-05-14,3000,NA
"2150-8925","Ecosphere","ECOLOGY AND EVOLUTION",2015-12-31,1.11,2017-05-14,1500,NA
"2156-7085","Biomedical Optics Express (Check https://www.osapublishing.org/boe/submit/review/pub_charge.cfm#apcs Im Not Sure)","PHYSICS AND CHEMISTRY",2014-12-31,1.0826,2017-05-14,1564,NA
"2158-3226","AIP Advances","PHYSICS AND CHEMISTRY",2015-12-31,0.452,2017-05-22,1350,NA
"2160-1836","G3-Genes Genomes Genetics","",2015-12-31,1.421,2017-05-14,2145,NA
"2160-3308","Physical Review X","",2015-12-31,6.83,2017-05-14,2900,NA
"2162-3279","Brain and Behavior","nan",2015-12-31,0.826,2017-05-22,2700,NA
"2190-5444","The European Physical Journal Plus","",2014-12-31,0.421267,2017-05-14,3000,NA
"2191-0855","AMB Express","Technology",2015-12-31,0.566,2016-08-11,2145,NA
"2191-1363","ChemistryOpen","PHYSICS AND CHEMISTRY",2015-12-31,0.815,2017-05-22,2010.52,NA
"2191-219X","EJNMMI Research",NA,2015-12-31,0.694,2016-08-11,1965,NA
"2193-1127","EPJ Data Science",NA,2015-12-31,1.094,2016-08-11,1230,NA
"2193-1801","SpringerPlus",NA,2015-12-31,0.308,2016-08-11,1290,NA
"2195-1071","Advanced Science","PHYSICS AND CHEMISTRY",2014-12-31,1.47348,2017-05-14,3000,NA
"2222-3436","South African Journal of Economic and Management Sciences","Social Sciences",2015-12-31,0.077,2016-11-10,532,NA
"2224-7890","South African Journal of Industrial Engineering","Technology",2015-12-31,0.076,2012-09-11,171,NA
"2241-5793","Journal of Biological Research-Thessaloniki","Science",2015-12-31,0.157,2016-08-11,2365,NA
"2291-2797","Canadian Journal of Gastroenterology and Hepatology","Medicine",2015-12-31,0.781,2016-08-11,2000,NA
"2328-4277","Earths Future","Geography. Anthropology. Recreation",2015-12-31,2.643,2016-08-11,1800,NA
"2448-5799","Convergencia-Revista De Ciencias Sociales","Political science | Social Sciences",2015-12-31,0.074,2016-12-28,0,NA
"8756-3282","Bone","MEDICINE",2014-12-31,1.33295,2017-05-22,2300,NA
